Field1,District,Taluka,Village,Latitude,Longitude,EC,pH,OC___,S__ppm_,P2O5_kg_ha,K20_kg_ha_,Fe_ppm_,Mn_ppm_,Zn_ppm_,Cu_ppm_,B_ppm_,EC1,NDVI,DEM,LST,
641,Vadodara,Dabhoi,Palasvada,22.21460000000,73.29950000000,1.24000000000,7.75000000000,0.30000000000,76.32000000000,36.50000000000,896,8.64000000000,15.72000000000,0.74000000000,2.22000000000,2.08000000000,1.24000000000,0.576374173164368,0.204419896006584,0.573814392089844,
642,Vadodara,Dabhoi,Thuvavi,22.17340000000,73.33810000000,0.17000000000,7.99000000000,0.12000000000,8.44000000000,23.90000000000,624,6.70000000000,2.88000000000,0.60000000000,1.98000000000,1.10000000000,0.17000000000,0.639919042587280,0.215469613671303,0.560100913047791,
643,Vadodara,Dabhoi,Dabhoi,22.10340000000,73.39730000000,0.14000000000,6.99000000000,0.39000000000,11.62000000000,32.00000000000,504,16.82000000000,10.22000000000,0.54000000000,3.26000000000,0.46000000000,0.14000000000,0.775961279869080,0.259668499231339,0.550369083881378,
644,Vadodara,Dabhoi,Dabhoi,22.11620000000,73.40450000000,0.10000000000,7.00000000000,0.26000000000,11.85000000000,23.90000000000,466,11.18000000000,7.62000000000,0.64000000000,2.34000000000,0.32000000000,0.10000000000,0.810505688190460,0.254143655300140,0.132559478282928,
647,Vadodara,Dabhoi,Ten Talav,22.05100000000,73.42030000000,0.27000000000,8.40000000000,0.35000000000,9.34000000000,7.90000000000,462,5.94000000000,5.80000000000,0.64000000000,3.18000000000,1.47000000000,0.27000000000,0.830352723598480,0.270718246698380,0.386318117380142,
648,Vadodara,Dabhoi,Mosampura,22.20800000000,73.27130000000,0.15000000000,8.84000000000,0.68000000000,4.76000000000,53.10000000000,964,4.52000000000,2.98000000000,2.26000000000,1.10000000000,0.71000000000,0.15000000000,0.709050774574280,0.171270713210106,0.570619702339172,
649,Vadodara,Dabhoi,Mosampura,22.20540000000,73.27080000000,0.18000000000,8.55000000000,0.47000000000,5.56000000000,41.50000000000,221,3.80000000000,3.04000000000,0.56000000000,1.42000000000,0.77000000000,0.18000000000,0.813197255134583,0.187845304608345,0.408287793397903,
650,Vadodara,Dabhoi,Mosampura,22.21050000000,73.27460000000,0.14000000000,8.43000000000,0.54000000000,4.76000000000,22.80000000000,618,4.28000000000,3.48000000000,0.72000000000,0.84000000000,0.66000000000,0.14000000000,0.778572618961334,0.176795586943626,0.436886310577393,
651,Vadodara,Dabhoi,Mosampura,22.20680000000,73.26980000000,0.53000000000,7.96000000000,0.39000000000,25.50000000000,27.00000000000,668,3.76000000000,2.60000000000,0.42000000000,1.74000000000,0.83000000000,0.53000000000,0.724913597106934,0.171270713210106,0.496619880199432,
652,Vadodara,Dabhoi,Mosampura,22.20610000000,73.27020000000,0.28000000000,8.38000000000,0.53000000000,5.56000000000,30.70000000000,220,3.72000000000,2.68000000000,0.38000000000,1.64000000000,1.25000000000,0.28000000000,0.746013343334197,0.171270713210106,0.514435708522797,
653,Vadodara,Dabhoi,Mosampura,22.20750000000,73.27260000000,0.36000000000,8.04000000000,0.51000000000,18.57000000000,45.40000000000,462,2.32000000000,2.96000000000,1.24000000000,1.04000000000,0.96000000000,0.36000000000,0.752329826354980,0.171270713210106,0.505063652992249,
654,Vadodara,Dabhoi,Vasai,22.18380000000,73.39260000000,0.52000000000,8.53000000000,0.60000000000,26.38000000000,106.90000000000,746,11.18000000000,3.86000000000,1.48000000000,3.30000000000,1.11000000000,0.52000000000,0.751947283744812,0.237569063901901,0.299704998731613,
655,Vadodara,Dabhoi,Vasai,22.18340000000,73.39190000000,0.48000000000,7.98000000000,0.59000000000,28.72000000000,135.90000000000,293,11.20000000000,11.54000000000,0.94000000000,1.32000000000,0.87000000000,0.48000000000,0.696618378162384,0.232044205069542,0.313424974679947,
656,Vadodara,Dabhoi,Vasai,22.18300000000,73.39060000000,0.30000000000,7.76000000000,0.54000000000,24.63000000000,28.50000000000,369,18.50000000000,9.10000000000,1.50000000000,0.90000000000,0.83000000000,0.30000000000,0.722663044929504,0.232044205069542,0.288228750228882,
657,Vadodara,Dabhoi,Vasai,22.16650000000,73.40130000000,0.29000000000,8.08000000000,0.26000000000,25.18000000000,122.80000000000,645,14.88000000000,3.26000000000,1.24000000000,1.96000000000,1.04000000000,0.29000000000,0.729579567909241,0.243093922734261,0.355483740568161,
658,Vadodara,Dabhoi,Vasai,22.19030000000,73.37560000000,0.30000000000,7.95000000000,0.57000000000,29.76000000000,82.10000000000,346,7.60000000000,4.30000000000,3.60000000000,2.63000000000,0.74000000000,0.30000000000,0.767829656600952,0.232044205069542,0.434127718210220,
659,Vadodara,Dabhoi,Vasai,22.19420000000,73.39090000000,0.20000000000,8.54000000000,0.54000000000,12.95000000000,46.30000000000,485,4.84000000000,1.96000000000,1.04000000000,1.50000000000,1.18000000000,0.20000000000,0.810644447803497,0.237569063901901,0.347071260213852,
660,Vadodara,Dabhoi,Padsoli,22.17790000000,73.45570000000,0.23000000000,8.83000000000,0.48000000000,25.50000000000,30.20000000000,324,2.88000000000,6.02000000000,0.88000000000,1.94000000000,0.96000000000,0.23000000000,0.620001614093781,0.276243090629578,0.394985675811768,
661,Vadodara,Dabhoi,Padsoli,22.16810000000,73.46250000000,0.55000000000,8.96000000000,0.39000000000,10.67000000000,41.40000000000,261,7.20000000000,2.58000000000,0.24000000000,1.50000000000,0.89000000000,0.55000000000,0.735627353191376,0.281767964363098,0.202059492468834,
662,Vadodara,Dabhoi,Padsoli,22.17800000000,73.45250000000,0.30000000000,8.28000000000,0.51000000000,16.12000000000,44.20000000000,323,3.66000000000,5.66000000000,1.10000000000,2.70000000000,0.99000000000,0.30000000000,0.774423956871033,0.265193372964859,0.308276027441025,
663,Vadodara,Dabhoi,Padsoli,22.16320000000,73.38820000000,1.31000000000,8.83000000000,0.50000000000,7.53000000000,28.60000000000,301,5.70000000000,3.82000000000,0.70000000000,2.38000000000,0.96000000000,1.31000000000,0.783178806304932,0.265193372964859,0.329481840133667,
664,Vadodara,Dabhoi,Padsoli,22.17390000000,73.37040000000,0.39000000000,6.92000000000,0.68000000000,6.12000000000,33.40000000000,181,4.86000000000,12.82000000000,1.48000000000,1.52000000000,0.77000000000,0.39000000000,0.713767707347870,0.237569063901901,0.527574300765991,
665,Vadodara,Dabhoi,Padsoli,22.17170000000,73.45030000000,0.24000000000,8.50000000000,0.51000000000,5.87000000000,110.70000000000,650,14.70000000000,3.70000000000,0.38000000000,1.88000000000,1.30000000000,0.24000000000,0.809047579765320,0.276243090629578,0.206148713827133,
666,Vadodara,Dabhoi,Kukad,22.14100000000,73.47110000000,0.19000000000,8.05000000000,0.69000000000,5.26000000000,47.00000000000,893,8.86000000000,3.58000000000,0.48000000000,0.50000000000,1.25000000000,0.19000000000,0.827689647674561,0.287292808294296,0.223985731601715,
667,Vadodara,Dabhoi,Kukad,22.14140000000,73.47150000000,0.11000000000,8.66000000000,0.59000000000,17.90000000000,86.10000000000,367,4.42000000000,3.52000000000,0.44000000000,1.50000000000,1.22000000000,0.11000000000,0.744220256805420,0.287292808294296,0.220221325755119,
668,Vadodara,Dabhoi,Kukad,22.14150000000,73.47220000000,0.18000000000,8.49000000000,0.57000000000,7.11000000000,38.20000000000,905,12.42000000000,4.14000000000,0.40000000000,3.46000000000,1.22000000000,0.18000000000,0.812715947628021,0.287292808294296,0.187654972076416,
669,Vadodara,Dabhoi,Kukad,22.13910000000,73.47020000000,0.10000000000,8.43000000000,0.60000000000,4.11000000000,41.50000000000,200,2.80000000000,6.30000000000,3.56000000000,0.54000000000,1.31000000000,0.10000000000,0.796004951000214,0.303867399692535,0.249430343508720,
670,Vadodara,Dabhoi,Kukad,22.13950000000,73.46980000000,0.12000000000,8.27000000000,0.47000000000,17.36000000000,114.50000000000,268,3.90000000000,6.84000000000,0.82000000000,1.60000000000,1.12000000000,0.12000000000,0.783529281616211,0.292817682027817,0.274304926395416,
671,Vadodara,Dabhoi,Kukad,22.14040000000,73.46880000000,0.34000000000,8.96000000000,0.32000000000,5.41000000000,95.20000000000,804,11.18000000000,8.66000000000,1.02000000000,1.40000000000,1.47000000000,0.34000000000,0.688211739063263,0.292817682027817,0.307505667209625,
672,Vadodara,Dabhoi,Mandva,22.01000000000,73.43100000000,0.13000000000,7.80000000000,0.47000000000,4.91000000000,36.60000000000,490,12.52000000000,13.82000000000,0.92000000000,1.62000000000,1.37000000000,0.13000000000,0.799862146377563,0.265193372964859,0.316741496324539,
673,Vadodara,Dabhoi,Mandva,22.01310000000,73.42590000000,0.10000000000,7.92000000000,0.63000000000,4.41000000000,34.50000000000,556,12.32000000000,10.90000000000,1.18000000000,2.02000000000,1.33000000000,0.10000000000,0.794246733188629,0.259668499231339,0.344487279653549,
674,Vadodara,Dabhoi,Mandva,21.99940000000,73.44450000000,0.13000000000,8.31000000000,0.53000000000,11.30000000000,13.40000000000,183,11.64000000000,13.50000000000,1.42000000000,0.90000000000,1.21000000000,0.13000000000,0.760461211204529,0.270718246698380,0.287210762500763,
675,Vadodara,Dabhoi,Mandva,22.00730000000,73.43290000000,0.21000000000,8.15000000000,0.56000000000,4.76000000000,11.90000000000,781,7.42000000000,6.12000000000,2.08000000000,1.78000000000,1.01000000000,0.21000000000,0.825230479240417,0.276243090629578,0.328248649835587,
676,Vadodara,Dabhoi,Mandva,22.00220000000,73.43880000000,0.15000000000,8.36000000000,0.63000000000,5.41000000000,27.00000000000,300,3.80000000000,6.96000000000,0.78000000000,1.94000000000,1.85000000000,0.15000000000,0.813933908939362,0.270718246698380,0.310198903083801,
677,Vadodara,Dabhoi,Mandva,21.99880000000,73.44440000000,0.11000000000,8.12000000000,0.53000000000,5.41000000000,80.10000000000,752,7.52000000000,4.38000000000,1.16000000000,2.10000000000,1.31000000000,0.11000000000,0.788457214832306,0.281767964363098,0.310941785573959,
678,Vadodara,Dabhoi,Pisai,22.06040000000,73.34690000000,0.39000000000,8.41000000000,0.62000000000,3.87000000000,152.90000000000,793,12.88000000000,7.48000000000,0.56000000000,2.98000000000,1.71000000000,0.39000000000,0.788278698921204,0.237569063901901,0.390632450580597,
679,Vadodara,Dabhoi,Pisai,22.05920000000,73.34160000000,0.15000000000,7.61000000000,0.48000000000,14.91000000000,158.40000000000,676,11.44000000000,18.46000000000,0.92000000000,2.88000000000,1.39000000000,0.15000000000,0.852821469306946,0.220994472503662,0.278378397226334,
680,Vadodara,Dabhoi,Pisai,22.05800000000,73.33930000000,0.36000000000,7.42000000000,0.45000000000,6.59000000000,86.70000000000,732,15.84000000000,14.66000000000,0.56000000000,2.16000000000,1.51000000000,0.36000000000,0.814769804477692,0.226519331336021,0.322432309389114,
681,Vadodara,Dabhoi,Pisai,22.05770000000,73.33830000000,0.14000000000,7.88000000000,0.56000000000,6.90000000000,66.70000000000,761,11.48000000000,13.52000000000,0.50000000000,3.08000000000,0.45000000000,0.14000000000,0.744693636894226,0.220994472503662,0.459295809268951,
682,Vadodara,Dabhoi,Pisai,22.05640000000,73.33760000000,0.21000000000,7.95000000000,0.57000000000,17.36000000000,59.90000000000,877,5.98000000000,13.42000000000,0.88000000000,1.46000000000,0.34000000000,0.21000000000,0.726742982864380,0.226519331336021,0.539488255977631,
683,Vadodara,Dabhoi,Pisai,22.06010000000,73.34540000000,0.31000000000,8.46000000000,0.24000000000,17.03000000000,75.40000000000,737,18.20000000000,7.36000000000,0.48000000000,1.18000000000,0.42000000000,0.31000000000,0.827320277690887,0.226519331336021,0.340443432331085,
684,Vadodara,Dabhoi,Baripura,22.10970000000,73.32250000000,0.48000000000,8.14000000000,0.38000000000,6.54000000000,128.00000000000,668,6.00000000000,8.68000000000,0.54000000000,0.90000000000,0.30000000000,0.48000000000,0.744869649410248,0.209944754838943,0.453160285949707,
685,Vadodara,Dabhoi,Baripura,22.10920000000,73.32000000000,0.12000000000,7.15000000000,0.28000000000,6.10000000000,91.70000000000,392,4.00000000000,6.70000000000,1.40000000000,2.10000000000,0.09000000000,0.12000000000,0.768016397953033,0.215469613671303,0.452513039112091,
686,Vadodara,Dabhoi,Baripura,22.11420000000,73.33110000000,0.18000000000,8.28000000000,0.24000000000,4.02000000000,21.50000000000,677,5.00000000000,5.94000000000,0.54000000000,1.88000000000,0.27000000000,0.18000000000,0.719654798507690,0.209944754838943,0.613255620002747,
687,Vadodara,Dabhoi,Baripura,22.11940000000,73.33420000000,0.20000000000,8.33000000000,0.39000000000,10.05000000000,30.70000000000,916,6.90000000000,7.42000000000,0.94000000000,1.68000000000,0.31000000000,0.20000000000,0.754098474979401,0.198895022273064,0.630693554878235,
688,Vadodara,Dabhoi,Baripura,22.11070000000,73.33340000000,0.29000000000,7.99000000000,0.47000000000,5.61000000000,30.20000000000,598,7.40000000000,12.74000000000,0.98000000000,1.32000000000,0.25000000000,0.29000000000,0.694023013114929,0.209944754838943,0.491302490234375,
689,Vadodara,Dabhoi,Baripura,22.11060000000,73.33580000000,0.31000000000,7.68000000000,0.35000000000,6.18000000000,57.60000000000,721,7.68000000000,6.70000000000,0.92000000000,1.00000000000,0.74000000000,0.31000000000,0.681751966476440,0.226519331336021,0.595858633518218,
690,Vadodara,Dabhoi,Sathod,22.09800000000,73.39410000000,0.22000000000,7.96000000000,0.45000000000,6.80000000000,133.30000000000,560,5.86000000000,10.86000000000,1.58000000000,1.08000000000,0.94000000000,0.22000000000,0.608908236026764,0.259668499231339,0.597624361515045,
691,Vadodara,Dabhoi,Sathod,22.10170000000,73.39620000000,0.24000000000,8.16000000000,0.60000000000,12.06000000000,37.20000000000,564,6.54000000000,5.88000000000,1.38000000000,1.50000000000,0.54000000000,0.24000000000,0.726545095443726,0.259668499231339,0.551755964756011,
692,Vadodara,Dabhoi,Sathod,22.09750000000,73.39530000000,0.61000000000,8.27000000000,0.65000000000,5.66000000000,43.20000000000,449,4.64000000000,9.54000000000,0.98000000000,1.78000000000,0.25000000000,0.61000000000,0.781512498855591,0.248618781566620,0.599249243736267,
693,Vadodara,Dabhoi,Sathod,22.10080000000,73.39660000000,0.19000000000,7.59000000000,0.68000000000,11.18000000000,39.30000000000,609,8.56000000000,27.36000000000,1.32000000000,1.68000000000,0.22000000000,0.19000000000,0.746343493461609,0.243093922734261,0.526688039302826,
694,Vadodara,Dabhoi,Sathod,22.08910000000,73.38900000000,0.15000000000,7.33000000000,0.53000000000,6.18000000000,30.70000000000,391,7.46000000000,9.80000000000,1.10000000000,2.20000000000,0.42000000000,0.15000000000,0.743441879749298,0.254143655300140,0.447068899869919,
695,Vadodara,Dabhoi,Sathod,22.08710000000,73.38770000000,0.22000000000,7.38000000000,0.41000000000,8.88000000000,98.20000000000,521,9.60000000000,5.88000000000,1.38000000000,1.34000000000,0.23000000000,0.22000000000,0.698828518390656,0.237569063901901,0.448257774114609,
696,Vadodara,Dabhoi,Karnali,21.98250000000,73.47430000000,1.19000000000,7.72000000000,0.36000000000,7.80000000000,33.90000000000,409,11.52000000000,8.10000000000,1.08000000000,1.10000000000,0.30000000000,1.19000000000,0.508866608142853,0.165745854377747,0.519977807998657,
697,Vadodara,Dabhoi,Karnali,21.98320000000,73.47390000000,0.95000000000,8.28000000000,0.48000000000,4.66000000000,77.20000000000,403,2.92000000000,6.18000000000,9.36000000000,1.22000000000,0.20000000000,0.95000000000,0.643009185791016,0.209944754838943,0.449642270803452,
698,Vadodara,Dabhoi,Karnali,21.98330000000,73.47440000000,0.93000000000,8.25000000000,0.44000000000,4.31000000000,61.00000000000,405,3.74000000000,8.22000000000,1.32000000000,0.70000000000,0.19000000000,0.93000000000,0.680295944213867,0.182320445775986,0.448730140924454,
699,Vadodara,Dabhoi,Karnali,21.98230000000,73.47720000000,0.90000000000,8.19000000000,0.48000000000,5.36000000000,23.30000000000,541,6.00000000000,4.96000000000,1.08000000000,0.66000000000,0.19000000000,0.90000000000,0.540461540222167,0.160220995545387,0.519359886646271,
700,Vadodara,Dabhoi,Karnali,21.98210000000,73.47680000000,0.95000000000,8.28000000000,0.42000000000,9.05000000000,29.30000000000,283,4.52000000000,5.28000000000,0.58000000000,0.62000000000,0.28000000000,0.95000000000,0.572286009788513,0.165745854377747,0.509499669075012,
701,Vadodara,Dabhoi,Karnali,21.98210000000,73.47980000000,0.41000000000,8.32000000000,0.48000000000,5.06000000000,49.90000000000,345,4.82000000000,2.70000000000,0.68000000000,2.88000000000,0.19000000000,0.41000000000,0.687384188175201,0.198895022273064,0.442419350147247,
702,Vadodara,Karjan,Kanbha,22.06750000000,73.03530000000,0.58000000000,7.77000000000,0.47000000000,8.10000000000,14.10000000000,1200,7.16000000000,5.44000000000,0.84000000000,4.08000000000,2.39000000000,0.58000000000,0.722305476665497,0.127071827650070,0.395527839660645,
703,Vadodara,Karjan,Bodka,22.04890000000,73.02920000000,0.68000000000,7.67000000000,0.36000000000,12.20000000000,5.80000000000,1112,9.02000000000,14.84000000000,0.74000000000,3.10000000000,0.64000000000,0.68000000000,0.739188790321350,0.132596686482430,0.361356139183044,
704,Vadodara,Karjan,Miyagam,22.02530000000,73.08500000000,0.40000000000,8.03000000000,0.56000000000,11.28000000000,29.70000000000,800,5.36000000000,8.88000000000,2.52000000000,3.92000000000,1.14000000000,0.40000000000,0.789239645004272,0.215469613671303,0.473356753587723,
705,Vadodara,Karjan,Magrol,22.04170000000,73.04170000000,3.30000000000,7.49000000000,0.48000000000,27.51000000000,13.60000000000,992,4.08000000000,18.74000000000,0.60000000000,2.22000000000,1.11000000000,3.30000000000,0.776842534542084,0.138121545314789,0.550343513488770,
706,Vadodara,Karjan,Vadava,22.01310000000,73.09820000000,0.32000000000,7.08000000000,0.35000000000,8.94000000000,54.30000000000,851,6.26000000000,8.88000000000,3.58000000000,4.88000000000,0.49000000000,0.32000000000,0.766735732555389,0.165745854377747,0.415768086910248,
707,Vadodara,Karjan,Vadava,22.01460000000,73.10000000000,0.11000000000,7.46000000000,0.36000000000,3.38000000000,120.40000000000,501,8.74000000000,26.74000000000,2.22000000000,3.56000000000,0.37000000000,0.11000000000,0.771484494209290,0.154696136713028,0.372723221778870,
708,Vadodara,Karjan,Vadava,22.01380000000,73.09760000000,0.29000000000,7.59000000000,0.47000000000,15.73000000000,108.00000000000,666,4.02000000000,31.34000000000,0.96000000000,5.08000000000,0.61000000000,0.29000000000,0.759671032428741,0.154696136713028,0.385315179824829,
709,Vadodara,Karjan,Vadava,22.00950000000,73.10110000000,0.38000000000,7.19000000000,0.33000000000,27.29000000000,160.20000000000,749,9.86000000000,28.58000000000,1.76000000000,3.46000000000,1.01000000000,0.38000000000,0.760985553264618,0.154696136713028,0.464972466230392,
710,Vadodara,Karjan,Vadava,22.00930000000,73.10110000000,1.80000000000,7.22000000000,0.45000000000,18.50000000000,60.40000000000,825,8.80000000000,20.76000000000,0.80000000000,3.60000000000,0.50000000000,1.80000000000,0.757795572280884,0.149171277880669,0.465062141418457,
711,Vadodara,Karjan,Vadava,22.01670000000,73.09790000000,0.94000000000,7.76000000000,0.54000000000,16.12000000000,45.20000000000,276,6.14000000000,7.88000000000,0.96000000000,4.02000000000,0.25000000000,0.94000000000,0.805976808071136,0.143646404147148,0.390114545822144,
712,Vadodara,Karjan,Vemardi,22.05300000000,73.16560000000,0.82000000000,8.08000000000,0.60000000000,17.30000000000,158.20000000000,770,7.12000000000,10.68000000000,2.32000000000,2.86000000000,1.77000000000,0.82000000000,0.844970941543579,0.182320445775986,0.395061850547791,
713,Vadodara,Karjan,Vemardi,22.05670000000,73.15620000000,0.90000000000,8.13000000000,0.66000000000,15.29000000000,80.70000000000,622,3.76000000000,6.50000000000,0.94000000000,2.26000000000,0.61000000000,0.90000000000,0.836135327816010,0.165745854377747,0.419849842786789,
714,Vadodara,Karjan,Vemardi,22.05580000000,73.17660000000,0.51000000000,7.94000000000,0.27000000000,11.71000000000,52.00000000000,478,5.78000000000,17.32000000000,0.78000000000,3.08000000000,0.15000000000,0.51000000000,0.749689042568207,0.165745854377747,0.483680129051208,
715,Vadodara,Karjan,Vemardi,22.05370000000,73.16150000000,0.31000000000,8.42000000000,0.59000000000,10.55000000000,61.60000000000,658,2.72000000000,9.00000000000,1.76000000000,1.84000000000,0.20000000000,0.31000000000,0.816010713577271,0.193370163440704,0.353040903806686,
716,Vadodara,Karjan,Vemardi,22.05520000000,73.17300000000,0.64000000000,7.98000000000,0.56000000000,9.99000000000,41.50000000000,337,5.26000000000,25.06000000000,0.66000000000,2.56000000000,0.50000000000,0.64000000000,0.759285628795624,0.187845304608345,0.366935163736343,
717,Vadodara,Karjan,Vemardi,22.05430000000,73.17770000000,0.62000000000,8.34000000000,0.62000000000,14.29000000000,76.00000000000,232,7.68000000000,10.74000000000,0.76000000000,2.80000000000,0.45000000000,0.62000000000,0.558083772659302,0.182320445775986,0.457662373781204,
718,Vadodara,Karjan,Nishaliya,21.98160000000,73.20060000000,0.43000000000,8.20000000000,0.55000000000,17.23000000000,42.00000000000,481,6.20000000000,5.70000000000,0.80000000000,2.61000000000,0.66000000000,0.43000000000,0.826373040676117,0.193370163440704,0.346600919961929,
719,Vadodara,Karjan,Nishaliya,21.98100000000,73.19980000000,0.26000000000,8.15000000000,0.44000000000,11.71000000000,34.50000000000,358,7.50000000000,8.42000000000,1.56000000000,3.14000000000,0.20000000000,0.26000000000,0.737138271331787,0.187845304608345,0.318497508764267,
720,Vadodara,Karjan,Nishaliya,21.98410000000,73.19890000000,0.20000000000,8.19000000000,0.33000000000,9.49000000000,33.40000000000,471,7.36000000000,12.94000000000,1.16000000000,2.60000000000,0.35000000000,0.20000000000,0.844517111778259,0.182320445775986,0.278633922338486,
721,Vadodara,Karjan,Nishaliya,21.98460000000,73.19570000000,1.01000000000,7.35000000000,0.48000000000,14.54000000000,41.50000000000,369,7.14000000000,54.92000000000,1.68000000000,3.50000000000,0.40000000000,1.01000000000,0.797462165355682,0.182320445775986,0.371976524591446,
722,Vadodara,Karjan,Nishaliya,21.98950000000,73.19490000000,0.15000000000,7.75000000000,0.38000000000,18.44000000000,22.80000000000,851,5.56000000000,23.30000000000,2.46000000000,3.24000000000,0.15000000000,0.15000000000,0.752841830253601,0.198895022273064,0.410026311874390,
723,Vadodara,Karjan,Nishaliya,21.99540000000,73.19420000000,0.20000000000,7.93000000000,0.60000000000,23.17000000000,27.00000000000,258,6.06000000000,12.76000000000,1.44000000000,2.84000000000,0.06000000000,0.20000000000,0.672013700008392,0.204419896006584,0.479596793651581,
724,Vadodara,Karjan,Almpura,21.85100000000,73.21330000000,0.24000000000,7.93000000000,0.35000000000,3.87000000000,30.70000000000,533,6.00000000000,28.04000000000,1.14000000000,3.72000000000,0.11000000000,0.24000000000,0.771895587444305,0.121546961367130,0.360451608896255,
725,Vadodara,Karjan,Almpura,21.85250000000,73.21280000000,0.64000000000,7.67000000000,0.63000000000,14.72000000000,45.80000000000,954,5.98000000000,36.52000000000,0.54000000000,3.26000000000,0.89000000000,0.64000000000,0.845725953578948,0.110497236251831,0.376652657985687,
726,Vadodara,Karjan,Almpura,21.85420000000,73.21300000000,0.44000000000,7.93000000000,0.42000000000,15.61000000000,106.90000000000,937,4.66000000000,19.92000000000,1.16000000000,2.54000000000,0.20000000000,0.44000000000,0.759774804115295,0.099447511136532,0.437419831752777,
727,Vadodara,Karjan,Almpura,21.85510000000,73.21110000000,0.29000000000,8.18000000000,0.42000000000,12.89000000000,48.90000000000,552,6.12000000000,16.46000000000,0.74000000000,2.74000000000,0.05000000000,0.29000000000,0.811846256256104,0.110497236251831,0.359294056892395,
728,Vadodara,Karjan,Almpura,21.86640000000,73.21280000000,0.30000000000,8.07000000000,0.38000000000,19.19000000000,147.40000000000,570,4.64000000000,18.56000000000,0.70000000000,2.76000000000,1.36000000000,0.30000000000,0.769645810127258,0.187845304608345,0.305345326662064,
729,Vadodara,Karjan,Almpura,21.85250000000,73.20280000000,0.35000000000,8.01000000000,0.56000000000,8.50000000000,111.10000000000,780,7.00000000000,9.12000000000,0.82000000000,3.12000000000,0.32000000000,0.35000000000,0.743168830871582,0.099447511136532,0.330595731735229,
730,Vadodara,Karjan,Anastu,22.05350000000,72.92460000000,0.48000000000,7.78000000000,0.47000000000,8.45000000000,51.00000000000,416,7.30000000000,14.72000000000,0.86000000000,1.96000000000,0.27000000000,0.48000000000,0.904423236846924,0.104972377419472,0.399280458688736,
731,Vadodara,Karjan,Anastu,22.10090000000,73.11670000000,0.11000000000,7.87000000000,0.50000000000,16.38000000000,39.70000000000,654,6.12000000000,9.98000000000,0.74000000000,1.86000000000,0.71000000000,0.11000000000,0.783213853836060,0.143646404147148,0.360129565000534,
732,Vadodara,Karjan,Anastu,22.09700000000,73.11610000000,0.27000000000,7.62000000000,0.65000000000,7.06000000000,56.00000000000,214,7.06000000000,16.34000000000,0.62000000000,3.78000000000,0.20000000000,0.27000000000,0.762734353542328,0.143646404147148,0.330058276653290,
733,Vadodara,Karjan,Anastu,22.09980000000,73.11680000000,0.26000000000,7.91000000000,0.52000000000,11.76000000000,46.10000000000,577,6.28000000000,8.32000000000,1.64000000000,2.50000000000,0.35000000000,0.26000000000,0.773685872554779,0.149171277880669,0.446221411228180,
734,Vadodara,Karjan,Anastu,22.07470000000,73.11510000000,1.09000000000,7.73000000000,0.68000000000,18.23000000000,68.90000000000,291,3.58000000000,13.38000000000,0.90000000000,2.96000000000,0.82000000000,1.09000000000,0.770392477512360,0.149171277880669,0.501487314701080,
735,Vadodara,Karjan,Anastu,22.07450000000,73.11370000000,0.49000000000,7.49000000000,0.64000000000,22.49000000000,86.20000000000,367,9.40000000000,14.78000000000,1.30000000000,3.94000000000,0.25000000000,0.49000000000,0.743577718734741,0.149171277880669,0.447065174579620,
736,Vadodara,Karjan,Handod,22.07110000000,73.05040000000,0.80000000000,7.73000000000,0.50000000000,17.90000000000,45.60000000000,944,6.18000000000,5.74000000000,2.12000000000,2.16000000000,0.30000000000,0.80000000000,0.734005272388458,0.143646404147148,0.416672438383102,
737,Vadodara,Karjan,Handod,22.07080000000,73.05290000000,0.42000000000,7.66000000000,0.47000000000,21.75000000000,71.70000000000,613,6.82000000000,5.84000000000,1.18000000000,2.24000000000,0.32000000000,0.42000000000,0.851224660873413,0.143646404147148,0.370353251695633,
738,Vadodara,Karjan,Handod,22.07070000000,73.05470000000,0.12000000000,7.54000000000,0.53000000000,6.85000000000,32.80000000000,780,7.92000000000,9.42000000000,1.06000000000,2.92000000000,0.46000000000,0.12000000000,0.721583425998688,0.132596686482430,0.374088704586029,
739,Vadodara,Karjan,Handod,22.07320000000,73.05400000000,0.81000000000,7.59000000000,0.67000000000,21.39000000000,103.60000000000,726,5.98000000000,8.24000000000,0.84000000000,3.24000000000,0.71000000000,0.81000000000,0.866774201393127,0.143646404147148,0.296327441930771,
740,Vadodara,Karjan,Handod,22.07080000000,73.04500000000,0.17000000000,7.97000000000,0.68000000000,4.66000000000,68.90000000000,969,6.50000000000,28.64000000000,2.82000000000,4.20000000000,0.32000000000,0.17000000000,0.558089196681976,0.138121545314789,0.445395052433014,
741,Vadodara,Karjan,Handod,22.07140000000,73.04520000000,0.23000000000,7.80000000000,0.50000000000,4.26000000000,97.50000000000,560,5.22000000000,10.46000000000,1.52000000000,5.92000000000,0.20000000000,0.23000000000,0.658774375915527,0.143646404147148,0.406338393688202,
742,Vadodara,Karjan,Bodaka,22.04750000000,73.02940000000,0.63000000000,7.86000000000,0.64000000000,7.59000000000,41.80000000000,644,4.36000000000,8.66000000000,3.74000000000,4.20000000000,0.25000000000,0.63000000000,0.747663915157318,0.143646404147148,0.434691458940506,
743,Vadodara,Karjan,Bodaka,22.04850000000,73.02930000000,0.51000000000,8.31000000000,0.49000000000,15.10000000000,36.50000000000,693,8.48000000000,7.76000000000,3.84000000000,3.86000000000,0.32000000000,0.51000000000,0.772287547588348,0.143646404147148,0.400285631418228,
744,Vadodara,Karjan,Bodaka,22.05020000000,73.02910000000,0.66000000000,7.76000000000,0.58000000000,16.31000000000,32.80000000000,545,6.68000000000,8.58000000000,1.58000000000,2.62000000000,0.50000000000,0.66000000000,0.665757298469543,0.138121545314789,0.375508785247803,
745,Vadodara,Karjan,Bodaka,22.05340000000,73.02810000000,0.68000000000,7.46000000000,0.49000000000,13.92000000000,40.20000000000,636,7.06000000000,31.90000000000,0.82000000000,3.00000000000,0.20000000000,0.68000000000,0.840293288230895,0.127071827650070,0.379884809255600,
746,Vadodara,Karjan,Bodaka,22.05340000000,73.02830000000,0.96000000000,7.66000000000,0.61000000000,19.82000000000,66.60000000000,661,5.30000000000,7.86000000000,1.60000000000,3.16000000000,0.35000000000,0.96000000000,0.754725575447083,0.127071827650070,0.379322260618210,
747,Vadodara,Karjan,Bodaka,22.05390000000,73.02790000000,0.26000000000,7.92000000000,0.37000000000,8.77000000000,36.00000000000,884,7.64000000000,4.80000000000,3.42000000000,2.02000000000,0.32000000000,0.26000000000,0.798286557197571,0.121546961367130,0.390340983867645,
748,Vadodara,Padra,Dhobikuwa,22.22860000000,72.99260000000,0.45000000000,8.28000000000,0.51000000000,7.48000000000,86.50000000000,345,4.64000000000,10.98000000000,0.96000000000,1.08000000000,1.53000000000,0.45000000000,0.801814734935760,0.165745854377747,0.377978444099426,
749,Vadodara,Padra,Dhobikuwa,22.22830000000,72.99080000000,0.44000000000,7.95000000000,0.68000000000,6.38000000000,38.20000000000,976,6.44000000000,11.82000000000,2.32000000000,1.80000000000,2.07000000000,0.44000000000,0.762744307518005,0.165745854377747,0.293277621269226,
750,Vadodara,Padra,Dhobikuwa,22.22910000000,72.99150000000,0.21000000000,8.19000000000,0.54000000000,8.50000000000,65.40000000000,509,2.32000000000,10.30000000000,1.64000000000,1.70000000000,1.19000000000,0.21000000000,0.864398181438446,0.176795586943626,0.305594235658646,
751,Vadodara,Padra,Dhobikuwa,22.22590000000,72.99490000000,0.20000000000,8.15000000000,0.41000000000,4.07000000000,53.20000000000,355,21.10000000000,16.90000000000,0.80000000000,2.04000000000,1.43000000000,0.20000000000,0.764671385288239,0.176795586943626,0.330004304647446,
752,Vadodara,Padra,Dhobikuwa,22.23190000000,72.99960000000,0.41000000000,7.96000000000,0.53000000000,4.91000000000,124.80000000000,438,4.94000000000,15.40000000000,1.36000000000,1.36000000000,0.55000000000,0.41000000000,0.813157141208649,0.171270713210106,0.383771926164627,
753,Vadodara,Padra,Dhobikuwa,22.22620000000,72.99690000000,0.44000000000,6.45000000000,0.62000000000,20.52000000000,45.70000000000,662,23.28000000000,34.18000000000,2.44000000000,3.22000000000,1.02000000000,0.44000000000,0.778674006462097,0.193370163440704,0.390908718109131,
754,Vadodara,Padra,Kalyankui,22.19240000000,72.97660000000,0.36000000000,8.51000000000,0.33000000000,11.30000000000,90.60000000000,621,6.02000000000,10.90000000000,1.44000000000,0.82000000000,0.71000000000,0.36000000000,0.694090366363525,0.176795586943626,0.472905963659286,
755,Vadodara,Padra,Kalyankui,22.19550000000,72.98460000000,1.90000000000,8.81000000000,0.44000000000,21.97000000000,98.90000000000,453,6.36000000000,5.64000000000,1.14000000000,0.76000000000,1.01000000000,1.90000000000,0.836734592914581,0.176795586943626,0.389187365770340,
756,Vadodara,Padra,Kalyankui,22.19270000000,72.98660000000,0.41000000000,7.80000000000,0.66000000000,26.30000000000,69.90000000000,682,11.04000000000,13.02000000000,1.00000000000,3.52000000000,0.89000000000,0.41000000000,0.775872588157654,0.154696136713028,0.326624661684036,
757,Vadodara,Padra,Kalyankui,22.19340000000,72.98650000000,1.10000000000,8.70000000000,0.53000000000,15.61000000000,36.10000000000,744,12.86000000000,20.56000000000,1.10000000000,3.68000000000,0.61000000000,1.10000000000,0.748537778854370,0.149171277880669,0.333514809608459,
758,Vadodara,Padra,Kalyankui,22.19340000000,72.98480000000,0.60000000000,8.50000000000,0.33000000000,23.17000000000,149.40000000000,468,9.26000000000,10.84000000000,0.62000000000,2.06000000000,0.40000000000,0.60000000000,0.699807643890381,0.149171277880669,0.408378422260284,
759,Vadodara,Padra,Kalyankui,22.19570000000,72.98290000000,0.40000000000,8.49000000000,0.35000000000,27.87000000000,109.20000000000,534,4.28000000000,8.36000000000,0.86000000000,1.48000000000,0.89000000000,0.40000000000,0.840224146842957,0.171270713210106,0.303279191255569,
760,Vadodara,Padra,Lola,22.18390000000,72.95830000000,0.23000000000,8.65000000000,0.45000000000,3.72000000000,82.40000000000,613,6.32000000000,8.98000000000,0.84000000000,1.64000000000,0.35000000000,0.23000000000,0.843583345413208,0.149171277880669,0.355268865823746,
761,Vadodara,Padra,Lola,22.18420000000,72.95600000000,0.16000000000,8.05000000000,0.47000000000,3.87000000000,60.40000000000,594,4.98000000000,8.50000000000,1.06000000000,1.50000000000,0.45000000000,0.16000000000,0.668215811252593,0.149171277880669,0.433701395988464,
762,Vadodara,Padra,Lola,22.18580000000,72.95040000000,0.32000000000,7.95000000000,0.42000000000,10.10000000000,117.20000000000,622,4.10000000000,12.08000000000,1.02000000000,1.36000000000,0.45000000000,0.32000000000,0.710437893867493,0.132596686482430,0.426496148109436,
763,Vadodara,Padra,Lola,22.19730000000,72.96040000000,0.29000000000,8.85000000000,0.44000000000,7.96000000000,47.80000000000,493,4.44000000000,7.74000000000,0.72000000000,1.30000000000,0.46000000000,0.29000000000,0.891598939895630,0.171270713210106,0.344554901123047,
764,Vadodara,Padra,Lola,22.18970000000,72.95350000000,0.19000000000,8.09000000000,0.41000000000,3.68000000000,57.10000000000,485,3.48000000000,7.96000000000,0.96000000000,0.98000000000,1.92000000000,0.19000000000,0.670996606349945,0.171270713210106,0.402973413467407,
765,Vadodara,Padra,Lola,22.18850000000,72.95500000000,0.24000000000,8.39000000000,0.32000000000,11.71000000000,94.70000000000,369,26.34000000000,8.10000000000,0.82000000000,0.78000000000,1.25000000000,0.24000000000,0.853059291839600,0.160220995545387,0.413195133209229,
766,Vadodara,Padra,Brahmanvasi,22.13170000000,72.88120000000,0.10000000000,7.37000000000,0.38000000000,3.97000000000,88.80000000000,682,14.48000000000,12.60000000000,1.14000000000,2.58000000000,1.19000000000,0.10000000000,0.757476270198822,0.127071827650070,0.443614602088928,
767,Vadodara,Padra,Brahmanvasi,22.14630000000,72.87470000000,0.49000000000,8.28000000000,0.51000000000,14.16000000000,108.00000000000,697,24.72000000000,3.16000000000,3.88000000000,1.72000000000,1.53000000000,0.49000000000,0.849906921386719,0.143646404147148,0.345880478620529,
768,Vadodara,Padra,Brahmanvasi,22.14390000000,72.87660000000,0.09000000000,6.36000000000,0.42000000000,9.82000000000,45.70000000000,529,24.90000000000,38.96000000000,1.16000000000,3.08000000000,0.83000000000,0.09000000000,0.759574651718140,0.132596686482430,0.339341253042221,
769,Vadodara,Padra,Brahmanvasi,22.14400000000,72.87780000000,0.12000000000,6.40000000000,0.33000000000,4.96000000000,84.20000000000,786,11.84000000000,22.26000000000,1.66000000000,2.86000000000,2.70000000000,0.12000000000,0.822456836700439,0.138121545314789,0.254785329103470,
770,Vadodara,Padra,Brahmanvasi,22.14190000000,72.87710000000,0.14000000000,6.96000000000,0.39000000000,3.68000000000,41.40000000000,432,13.76000000000,13.12000000000,1.24000000000,2.28000000000,1.44000000000,0.14000000000,0.820598006248474,0.138121545314789,0.264033854007721,
771,Vadodara,Padra,Brahmanvasi,22.13970000000,72.87750000000,0.19000000000,6.57000000000,0.36000000000,14.79000000000,54.30000000000,617,13.18000000000,35.80000000000,0.76000000000,2.64000000000,0.45000000000,0.19000000000,0.776270151138306,0.121546961367130,0.341938048601151,
772,Vadodara,Padra,Kanzab,22.11210000000,72.89920000000,0.83000000000,7.64000000000,0.56000000000,17.10000000000,71.00000000000,660,10.50000000000,15.52000000000,0.86000000000,3.76000000000,0.99000000000,0.83000000000,0.705088853836060,0.116022102534771,0.469555139541626,
773,Vadodara,Padra,Kanzab,22.11030000000,72.88800000000,0.29000000000,8.10000000000,0.33000000000,23.55000000000,43.30000000000,666,20.88000000000,11.50000000000,0.56000000000,2.80000000000,1.99000000000,0.29000000000,0.728551685810089,0.132596686482430,0.465866684913635,
774,Vadodara,Padra,Kanzab,22.10530000000,72.89540000000,0.34000000000,7.56000000000,0.47000000000,17.16000000000,88.80000000000,188,14.30000000000,13.60000000000,1.36000000000,4.58000000000,0.55000000000,0.34000000000,0.752294003963470,0.104972377419472,0.465215891599655,
776,Vadodara,Padra,Kanzab,22.10750000000,72.89330000000,1.38000000000,7.51000000000,0.47000000000,17.96000000000,54.30000000000,781,11.66000000000,27.90000000000,2.26000000000,4.90000000000,0.66000000000,1.38000000000,0.716674745082855,0.127071827650070,0.512168645858765,
777,Vadodara,Padra,Kanzab,22.10880000000,72.88920000000,1.21000000000,7.76000000000,0.60000000000,18.57000000000,61.50000000000,826,8.34000000000,20.42000000000,1.34000000000,3.54000000000,0.73000000000,1.21000000000,0.773653686046600,0.138121545314789,0.403311818838120,
778,Vadodara,Padra,Vanchhara,22.08090000000,72.95080000000,0.11000000000,7.99000000000,0.43000000000,3.82000000000,40.90000000000,634,6.94000000000,6.58000000000,0.46000000000,2.26000000000,0.45000000000,0.11000000000,0.670506834983826,0.088397793471813,0.528690576553345,
779,Vadodara,Padra,Vanchhara,22.08360000000,72.95150000000,0.10000000000,8.09000000000,0.28000000000,3.58000000000,54.30000000000,580,6.08000000000,4.62000000000,1.44000000000,1.52000000000,0.40000000000,0.10000000000,0.737555921077728,0.132596686482430,0.477883964776993,
780,Vadodara,Padra,Vanchhara,22.09760000000,72.95190000000,0.18000000000,7.88000000000,0.35000000000,4.26000000000,42.00000000000,657,7.52000000000,5.64000000000,0.76000000000,2.16000000000,0.07000000000,0.18000000000,0.706005096435547,0.110497236251831,0.497122466564178,
781,Vadodara,Padra,Vanchhara,22.08930000000,72.95250000000,0.14000000000,8.33000000000,0.29000000000,6.38000000000,38.20000000000,569,6.52000000000,5.34000000000,0.70000000000,3.02000000000,0.36000000000,0.14000000000,0.709490239620209,0.138121545314789,0.543016374111176,
782,Vadodara,Padra,Vanchhara,22.09300000000,72.95310000000,0.16000000000,8.08000000000,0.40000000000,7.85000000000,39.80000000000,702,7.60000000000,7.82000000000,1.04000000000,1.52000000000,0.20000000000,0.16000000000,0.657483041286469,0.116022102534771,0.556608438491821,
783,Vadodara,Padra,Vanchhara,22.09350000000,72.95330000000,0.13000000000,7.86000000000,0.52000000000,6.38000000000,51.60000000000,554,8.62000000000,5.88000000000,0.92000000000,2.44000000000,0.50000000000,0.13000000000,0.682652473449707,0.110497236251831,0.485461324453354,
784,Vadodara,Padra,Nedra,22.06480000000,72.93280000000,0.21000000000,8.12000000000,0.35000000000,9.05000000000,28.60000000000,796,8.10000000000,8.42000000000,0.78000000000,1.98000000000,0.58000000000,0.21000000000,0.751142680644989,0.121546961367130,0.367160409688950,
785,Vadodara,Padra,Nedra,22.06370000000,72.93330000000,0.19000000000,8.25000000000,0.40000000000,5.16000000000,31.20000000000,786,7.20000000000,6.26000000000,1.22000000000,1.92000000000,0.50000000000,0.19000000000,0.735457897186279,0.104972377419472,0.416633129119873,
786,Vadodara,Padra,Nedra,22.06200000000,72.93390000000,0.35000000000,8.17000000000,0.65000000000,6.64000000000,76.30000000000,829,9.46000000000,6.38000000000,0.76000000000,3.42000000000,0.83000000000,0.35000000000,0.753962039947510,0.110497236251831,0.440647453069687,
787,Vadodara,Padra,Nedra,22.06080000000,72.93440000000,0.21000000000,8.26000000000,0.52000000000,12.65000000000,62.70000000000,608,9.24000000000,7.58000000000,1.14000000000,2.14000000000,0.74000000000,0.21000000000,0.783297836780548,0.099447511136532,0.323348730802536,
788,Vadodara,Padra,Nedra,22.05890000000,72.93650000000,0.31000000000,8.08000000000,0.44000000000,13.61000000000,58.20000000000,598,3.58000000000,8.40000000000,0.74000000000,1.40000000000,0.42000000000,0.31000000000,0.840976238250732,0.082872927188873,0.340027630329132,
789,Vadodara,Padra,Nedra,22.06520000000,72.92850000000,0.28000000000,7.84000000000,0.46000000000,14.16000000000,31.20000000000,917,7.82000000000,10.70000000000,0.54000000000,2.38000000000,0.20000000000,0.28000000000,0.764769375324249,0.093922652304173,0.406628191471100,
790,Vadodara,Savali,Raniya,22.47730000000,73.12420000000,0.25000000000,8.41000000000,0.24000000000,8.10000000000,8.20000000000,153,5.86000000000,8.58000000000,0.38000000000,1.08000000000,0.63000000000,0.25000000000,0.670646250247955,0.265193372964859,0.448971122503281,
791,Vadodara,Savali,Jalapura,22.57710000000,73.19620000000,0.28000000000,6.79000000000,0.45000000000,25.20000000000,39.20000000000,235,54.72000000000,26.00000000000,0.50000000000,3.66000000000,0.32000000000,0.28000000000,0.728737115859985,0.298342555761337,0.352440834045410,
792,Vadodara,Savali,Rasulpura,22.59700000000,73.23290000000,0.35000000000,8.20000000000,0.42000000000,14.68000000000,33.80000000000,248,15.58000000000,4.34000000000,0.44000000000,2.18000000000,0.97000000000,0.35000000000,0.702366352081299,0.314917117357254,0.343934297561646,
793,Vadodara,Savali,Pratappura,22.68770000000,73.29020000000,0.44000000000,7.96000000000,0.27000000000,11.05000000000,63.70000000000,243,10.54000000000,13.40000000000,0.92000000000,1.10000000000,3.24000000000,0.44000000000,0.738960564136505,0.364640891551971,0.392015367746353,
794,Vadodara,Savali,Dahesal,22.71760000000,73.31220000000,0.12000000000,7.23000000000,0.40000000000,4.28000000000,87.50000000000,528,26.24000000000,6.50000000000,0.72000000000,2.84000000000,0.73000000000,0.12000000000,0.672884404659271,0.375690609216690,0.525564968585968,
795,Vadodara,Savali,Vankanedar,22.69570000000,73.33360000000,0.18000000000,7.60000000000,0.26000000000,8.88000000000,29.40000000000,336,5.14000000000,14.48000000000,0.38000000000,0.94000000000,1.24000000000,0.18000000000,0.652804374694824,0.353591173887253,0.400350362062454,
796,Vadodara,Savali,Latva,22.66280000000,73.35740000000,0.15000000000,8.06000000000,0.35000000000,3.85000000000,125.20000000000,219,19.72000000000,3.08000000000,0.38000000000,1.84000000000,1.03000000000,0.15000000000,0.793287634849548,0.359116017818451,0.304673254489899,
797,Vadodara,Savali,Vashantpura,22.59360000000,73.29190000000,0.23000000000,9.00000000000,0.37000000000,10.13000000000,9.20000000000,283,4.36000000000,5.68000000000,0.28000000000,1.04000000000,0.42000000000,0.23000000000,0.652168631553650,0.364640891551971,0.348243057727814,
798,Vadodara,Savali,Pratappura,22.49290000000,73.29010000000,0.75000000000,7.25000000000,0.27000000000,5.90000000000,22.50000000000,264,6.34000000000,25.60000000000,0.40000000000,1.42000000000,1.02000000000,0.75000000000,0.750591456890106,0.348066300153732,0.308937430381775,
799,Vadodara,Savali,Sarpura,22.54180000000,73.27620000000,0.37000000000,7.24000000000,0.39000000000,12.67000000000,47.50000000000,458,4.02000000000,10.52000000000,7.96000000000,1.10000000000,0.93000000000,0.37000000000,0.700591504573822,0.348066300153732,0.414489567279816,
800,Vadodara,Savali,Manjusar,22.45680000000,73.19470000000,0.18000000000,7.41000000000,0.41000000000,12.95000000000,84.40000000000,280,26.44000000000,16.94000000000,0.96000000000,2.30000000000,0.45000000000,0.18000000000,0.680847823619843,0.254143655300140,0.491638809442520,
801,Vadodara,Savali,Manjusar,22.44100000000,73.19130000000,0.15000000000,6.94000000000,0.40000000000,7.75000000000,21.40000000000,315,14.10000000000,9.22000000000,0.82000000000,1.38000000000,0.46000000000,0.15000000000,0.548169553279877,0.265193372964859,0.494668126106262,
802,Vadodara,Savali,Manjusar,22.43350000000,73.19050000000,0.17000000000,7.85000000000,0.11000000000,4.41000000000,137.10000000000,165,6.18000000000,14.50000000000,1.56000000000,2.24000000000,0.45000000000,0.17000000000,0.687171220779418,0.259668499231339,0.424029886722565,
803,Vadodara,Savali,Manjusar,22.45610000000,73.19240000000,0.18000000000,7.35000000000,0.47000000000,8.55000000000,104.20000000000,901,7.48000000000,17.90000000000,1.66000000000,1.38000000000,0.66000000000,0.18000000000,0.684913516044617,0.270718246698380,0.393428981304169,
804,Vadodara,Savali,Manjusar,22.43010000000,73.18850000000,0.22000000000,6.99000000000,0.19000000000,11.47000000000,49.90000000000,345,7.82000000000,10.68000000000,1.80000000000,1.56000000000,0.50000000000,0.22000000000,0.668500542640686,0.248618781566620,0.485816150903702,
805,Vadodara,Savali,Manjusar,22.43590000000,73.19170000000,0.20000000000,8.17000000000,0.29000000000,7.91000000000,135.10000000000,760,2.74000000000,6.88000000000,3.12000000000,2.34000000000,0.40000000000,0.20000000000,0.677790403366089,0.287292808294296,0.457990765571594,
806,Vadodara,Savali,Vemar,22.46110000000,73.28930000000,0.39000000000,7.83000000000,0.55000000000,13.67000000000,68.90000000000,889,9.44000000000,4.30000000000,1.20000000000,1.78000000000,0.77000000000,0.39000000000,0.766274273395538,0.292817682027817,0.259464979171753,
807,Vadodara,Savali,Vemar,22.47570000000,73.29090000000,0.21000000000,8.60000000000,0.58000000000,5.11000000000,48.30000000000,321,7.16000000000,5.14000000000,0.84000000000,1.78000000000,0.32000000000,0.21000000000,0.658661723136902,0.331491708755493,0.507521212100983,
808,Vadodara,Savali,Vemar,22.45280000000,73.28620000000,0.15000000000,8.67000000000,0.66000000000,6.43000000000,23.40000000000,264,6.54000000000,5.60000000000,0.54000000000,2.12000000000,0.45000000000,0.15000000000,0.738476753234863,0.292817682027817,0.229570344090462,
809,Vadodara,Savali,Vemar,22.47730000000,73.29260000000,0.19000000000,8.14000000000,0.56000000000,5.61000000000,32.80000000000,240,7.64000000000,5.02000000000,1.36000000000,2.94000000000,0.83000000000,0.19000000000,0.620339989662170,0.337016582489014,0.554429650306702,
810,Vadodara,Savali,Vemar,22.48100000000,73.29800000000,0.16000000000,8.80000000000,0.65000000000,7.53000000000,47.20000000000,806,10.30000000000,9.76000000000,1.40000000000,4.16000000000,0.66000000000,0.16000000000,0.756102681159973,0.348066300153732,0.498827338218689,
811,Vadodara,Savali,Vemar,22.47510000000,73.28820000000,0.41000000000,8.09000000000,0.60000000000,17.56000000000,98.10000000000,906,13.82000000000,3.48000000000,0.72000000000,1.16000000000,0.71000000000,0.41000000000,0.603741884231567,0.337016582489014,0.478145986795425,
812,Vadodara,Savali,Singaniya,22.51330000000,73.40510000000,0.14000000000,8.15000000000,0.63000000000,5.11000000000,20.30000000000,820,2.24000000000,15.24000000000,1.18000000000,2.30000000000,0.67000000000,0.14000000000,0.796497941017151,0.453038662672043,0.399587720632553,
813,Vadodara,Savali,Singaniya,22.51340000000,73.40790000000,0.17000000000,6.98000000000,0.38000000000,6.75000000000,47.80000000000,606,19.30000000000,3.14000000000,0.80000000000,1.80000000000,0.55000000000,0.17000000000,0.672626793384552,0.430939227342606,0.421328574419022,
814,Vadodara,Savali,Singaniya,22.51190000000,73.40630000000,0.25000000000,8.68000000000,0.50000000000,5.92000000000,98.10000000000,504,3.76000000000,1.30000000000,1.48000000000,0.78000000000,0.71000000000,0.25000000000,0.757894754409790,0.441988945007324,0.366973817348480,
815,Vadodara,Savali,Singaniya,22.51230000000,73.40670000000,0.16000000000,8.81000000000,0.56000000000,8.99000000000,27.60000000000,267,1.98000000000,3.88000000000,1.20000000000,1.24000000000,0.96000000000,0.16000000000,0.706853032112122,0.447513818740845,0.423524171113968,
816,Vadodara,Savali,Singaniya,22.51260000000,73.40210000000,0.23000000000,8.70000000000,0.39000000000,8.66000000000,120.40000000000,187,3.76000000000,2.96000000000,0.68000000000,2.46000000000,1.01000000000,0.23000000000,0.728068292140961,0.441988945007324,0.373916387557983,
817,Vadodara,Savali,Singaniya,22.51690000000,73.40290000000,0.21000000000,8.87000000000,0.66000000000,6.75000000000,77.50000000000,669,4.24000000000,2.00000000000,0.98000000000,1.38000000000,0.91000000000,0.21000000000,0.676215171813965,0.464088410139084,0.436568856239319,
818,Vadodara,Savali,Mevli,22.60670000000,73.31300000000,0.20000000000,8.27000000000,0.17000000000,5.36000000000,138.60000000000,636,4.64000000000,21.74000000000,1.12000000000,1.40000000000,0.17000000000,0.20000000000,0.684925019741058,0.342541426420212,0.436350017786026,
819,Vadodara,Savali,Mevli,22.61160000000,73.31940000000,0.19000000000,7.04000000000,0.31000000000,5.61000000000,32.30000000000,225,11.60000000000,10.56000000000,0.62000000000,0.58000000000,0.17000000000,0.19000000000,0.738854825496674,0.342541426420212,0.306190371513367,
820,Vadodara,Savali,Mevli,22.61900000000,73.31450000000,0.19000000000,7.47000000000,0.16000000000,4.86000000000,58.70000000000,490,7.10000000000,6.16000000000,1.40000000000,0.64000000000,0.24000000000,0.19000000000,0.753912150859833,0.359116017818451,0.232219725847244,
821,Vadodara,Savali,Mevli,22.61640000000,73.31380000000,0.11000000000,8.08000000000,0.27000000000,8.28000000000,105.70000000000,361,2.74000000000,3.00000000000,1.56000000000,1.30000000000,0.14000000000,0.11000000000,0.718604028224945,0.337016582489014,0.358839988708496,
822,Vadodara,Savali,Mevli,22.60800000000,73.30920000000,0.16000000000,8.27000000000,0.27000000000,7.96000000000,49.20000000000,701,4.12000000000,29.94000000000,1.58000000000,2.02000000000,0.56000000000,0.16000000000,0.621566593647003,0.370165735483170,0.419480383396149,
823,Vadodara,Savali,Mevli,22.61530000000,73.32590000000,0.16000000000,6.67000000000,0.19000000000,8.01000000000,28.60000000000,232,12.96000000000,5.16000000000,0.56000000000,0.80000000000,0.92000000000,0.16000000000,0.742156624794006,0.342541426420212,0.327557921409607,
824,Vadodara,Savali,Limdi,22.66150000000,73.38650000000,0.41000000000,8.20000000000,0.42000000000,18.03000000000,41.50000000000,578,12.20000000000,11.72000000000,1.10000000000,2.26000000000,0.31000000000,0.41000000000,0.714207530021667,0.397790044546127,0.512234330177307,
825,Vadodara,Savali,Limdi,22.65700000000,73.38040000000,0.15000000000,8.98000000000,0.37000000000,6.43000000000,82.50000000000,364,2.60000000000,7.26000000000,1.38000000000,1.08000000000,0.81000000000,0.15000000000,0.745934128761292,0.392265200614929,0.410216808319092,
826,Vadodara,Savali,Limdi,22.66220000000,73.37020000000,0.73000000000,7.27000000000,0.40000000000,15.30000000000,132.40000000000,510,10.90000000000,11.90000000000,1.30000000000,0.40000000000,0.41000000000,0.73000000000,0.665962338447571,0.359116017818451,0.375503778457642,
827,Vadodara,Savali,Limdi,22.65720000000,73.37760000000,0.81000000000,8.29000000000,0.42000000000,16.51000000000,74.80000000000,805,4.38000000000,22.20000000000,1.14000000000,2.14000000000,0.37000000000,0.81000000000,0.732349872589111,0.386740326881409,0.379932492971420,
828,Vadodara,Savali,Limdi,22.66250000000,73.37920000000,0.51000000000,9.01000000000,0.29000000000,9.88000000000,45.30000000000,650,2.46000000000,11.34000000000,1.62000000000,1.16000000000,0.11000000000,0.51000000000,0.761487543582916,0.386740326881409,0.330092936754227,
829,Vadodara,Savali,Limdi,22.65660000000,73.38390000000,0.36000000000,7.23000000000,0.33000000000,13.98000000000,52.50000000000,906,15.84000000000,10.60000000000,1.20000000000,1.10000000000,0.37000000000,0.36000000000,0.815168499946594,0.419889509677887,0.432745814323425,
830,Vadodara,Savali,Tulsigam,22.78160000000,73.40940000000,0.11000000000,8.12000000000,0.29000000000,5.66000000000,86.70000000000,850,5.68000000000,20.20000000000,1.04000000000,1.38000000000,0.31000000000,0.11000000000,0.795605540275574,0.441988945007324,0.304606258869171,
831,Vadodara,Savali,Tulsigam,22.78690000000,73.40940000000,0.24000000000,7.75000000000,0.21000000000,5.06000000000,86.70000000000,776,4.06000000000,13.48000000000,1.52000000000,1.28000000000,0.18000000000,0.24000000000,0.713344752788544,0.436464101076126,0.374305427074432,
832,Vadodara,Savali,Tulsigam,22.78810000000,73.40140000000,0.32000000000,7.88000000000,0.12000000000,7.64000000000,88.50000000000,761,4.68000000000,12.36000000000,1.00000000000,1.12000000000,0.14000000000,0.32000000000,0.453445702791214,0.397790044546127,0.490297079086304,
833,Vadodara,Savali,Tulsigam,22.78520000000,73.40940000000,0.45000000000,7.79000000000,0.32000000000,11.24000000000,47.60000000000,601,7.28000000000,10.42000000000,0.74000000000,1.12000000000,0.34000000000,0.45000000000,0.722895741462708,0.436464101076126,0.392446696758270,
834,Vadodara,Savali,Tulsigam,22.77520000000,73.41030000000,0.26000000000,8.13000000000,0.40000000000,15.54000000000,52.00000000000,263,5.14000000000,8.26000000000,0.42000000000,1.04000000000,0.35000000000,0.26000000000,0.855162382125854,0.453038662672043,0.351845175027847,
835,Vadodara,Savali,Tulsigam,22.77310000000,73.41870000000,0.08000000000,7.49000000000,0.35000000000,5.11000000000,34.50000000000,929,3.94000000000,13.58000000000,0.98000000000,1.50000000000,0.17000000000,0.08000000000,0.776646077632904,0.475138127803802,0.403226554393768,
836,Vadodara,Savali,Nani Varnoli,22.69850000000,73.26630000000,0.11000000000,7.26000000000,0.32000000000,6.80000000000,39.90000000000,261,4.14000000000,10.40000000000,0.58000000000,1.36000000000,0.11000000000,0.11000000000,0.760420501232147,0.298342555761337,0.452727615833282,
837,Vadodara,Savali,Nani Varnoli,22.70070000000,73.26890000000,0.16000000000,7.13000000000,0.39000000000,8.12000000000,93.90000000000,292,4.38000000000,21.96000000000,0.48000000000,1.36000000000,0.05000000000,0.16000000000,0.633203804492950,0.314917117357254,0.446807414293289,
838,Vadodara,Savali,Nani Varnoli,22.69910000000,73.27060000000,0.18000000000,7.64000000000,0.24000000000,5.06000000000,54.80000000000,515,5.48000000000,9.68000000000,0.38000000000,1.20000000000,0.07000000000,0.18000000000,0.751976311206818,0.276243090629578,0.428441673517227,
839,Vadodara,Savali,Nani Varnoli,22.69850000000,73.26890000000,0.11000000000,8.53000000000,0.47000000000,8.45000000000,71.30000000000,528,4.70000000000,5.64000000000,0.64000000000,0.90000000000,0.06000000000,0.11000000000,0.812416017055511,0.298342555761337,0.356212526559830,
840,Vadodara,Savali,Nani Varnoli,22.70170000000,73.26730000000,0.21000000000,8.65000000000,0.51000000000,6.59000000000,54.80000000000,556,6.14000000000,1.98000000000,0.46000000000,1.04000000000,0.10000000000,0.21000000000,0.747186243534088,0.303867399692535,0.446965813636780,
841,Vadodara,Savali,Nani Varnoli,22.70380000000,73.26640000000,0.24000000000,8.34000000000,0.59000000000,6.07000000000,46.40000000000,376,3.54000000000,3.24000000000,0.68000000000,1.08000000000,0.17000000000,0.24000000000,0.698577821254730,0.303867399692535,0.380818992853165,
842,Vadodara,Savali,Kambola,22.53810000000,73.38460000000,0.31000000000,8.35000000000,0.29000000000,8.55000000000,79.00000000000,756,4.28000000000,3.30000000000,0.66000000000,1.08000000000,0.05000000000,0.31000000000,0.615815937519073,0.464088410139084,0.496271401643753,
843,Vadodara,Savali,Kambola,22.54430000000,73.38810000000,0.16000000000,8.43000000000,0.27000000000,27.54000000000,30.70000000000,489,3.28000000000,3.18000000000,0.98000000000,1.08000000000,0.19000000000,0.16000000000,0.736745059490204,0.497237563133240,0.431925088167191,
844,Vadodara,Savali,Kambola,22.53400000000,73.38740000000,0.11000000000,8.18000000000,0.15000000000,13.37000000000,50.30000000000,649,3.08000000000,3.48000000000,1.18000000000,1.32000000000,0.12000000000,0.11000000000,0.747650384902954,0.464088410139084,0.416300177574158,
845,Vadodara,Savali,Kambola,22.53430000000,73.38870000000,0.13000000000,8.24000000000,0.38000000000,8.28000000000,44.80000000000,267,3.52000000000,8.10000000000,1.00000000000,1.24000000000,0.10000000000,0.13000000000,0.689232349395751,0.475138127803802,0.362662583589554,
846,Vadodara,Savali,Kambola,22.53460000000,73.38730000000,0.31000000000,8.15000000000,0.54000000000,5.56000000000,44.20000000000,245,3.70000000000,33.30000000000,0.98000000000,2.54000000000,0.12000000000,0.31000000000,0.641338407993317,0.469613254070282,0.431284844875336,
847,Vadodara,Savali,Kambola,22.53600000000,73.38660000000,0.12000000000,7.46000000000,0.60000000000,8.07000000000,23.30000000000,661,3.22000000000,13.74000000000,0.88000000000,2.50000000000,0.16000000000,0.12000000000,0.601807713508605,0.458563536405563,0.426058858633041,
848,Vadodara,Sinor,Surasama,21.93330000000,73.29890000000,0.22000000000,7.50000000000,0.50000000000,15.65000000000,123.50000000000,696,8.90000000000,11.48000000000,1.48000000000,2.94000000000,4.55000000000,0.22000000000,0.696103274822235,0.237569063901901,0.396210759878159,
849,Vadodara,Sinor,Timberva,22.03000000000,73.26860000000,0.36000000000,8.00000000000,0.25000000000,39.09000000000,54.50000000000,1000,8.50000000000,9.58000000000,0.78000000000,2.82000000000,1.04000000000,0.36000000000,0.777068614959717,0.204419896006584,0.409344464540482,
850,Vadodara,Sinor,Sadhali,21.99060000000,73.29170000000,0.41000000000,8.35000000000,0.45000000000,11.74000000000,57.70000000000,592,2.30000000000,4.70000000000,0.88000000000,1.52000000000,0.05000000000,0.41000000000,0.834857404232025,0.215469613671303,0.340214759111404,
851,Vadodara,Sinor,Avakhal,22.00420000000,73.32580000000,0.55000000000,7.53000000000,0.30000000000,25.33000000000,25.90000000000,896,9.04000000000,11.10000000000,0.54000000000,3.10000000000,0.76000000000,0.55000000000,0.781585156917572,0.220994472503662,0.452124476432800,
852,Vadodara,Sinor,Malpur,22.00780000000,73.35580000000,0.34000000000,7.98000000000,0.34000000000,5.68000000000,65.00000000000,640,7.84000000000,15.56000000000,0.64000000000,2.52000000000,0.43000000000,0.34000000000,0.775303602218628,0.237569063901901,0.384874910116196,
853,Vadodara,Sinor,Sanghava,22.00920000000,73.36810000000,0.46000000000,7.70000000000,0.38000000000,15.16000000000,15.80000000000,936,10.44000000000,40.96000000000,0.78000000000,3.20000000000,0.95000000000,0.46000000000,0.705215632915497,0.248618781566620,0.386779248714447,
854,Vadodara,Sinor,Kanjeta,21.94170000000,73.35220000000,0.38000000000,7.39000000000,0.31000000000,13.73000000000,10.90000000000,800,5.24000000000,6.46000000000,0.28000000000,2.26000000000,1.19000000000,0.38000000000,0.809428274631500,0.254143655300140,0.322590351104736,
855,Vadodara,Sinor,Nanakarala,22.01630000000,73.41650000000,0.46000000000,8.04000000000,0.34000000000,29.04000000000,110.20000000000,1240,5.46000000000,8.98000000000,0.84000000000,2.90000000000,1.20000000000,0.46000000000,0.845887660980225,0.254143655300140,0.330683678388596,
856,Vadodara,Sinor,Satishana,22.01110000000,73.42360000000,0.21000000000,8.03000000000,0.49000000000,6.23000000000,20.20000000000,504,6.70000000000,4.66000000000,2.92000000000,3.92000000000,0.85000000000,0.21000000000,0.781620740890503,0.259668499231339,0.424538701772690,
857,Vadodara,Sinor,Vaniyad,22.02660000000,73.39450000000,0.18000000000,8.50000000000,0.36000000000,5.16000000000,64.40000000000,216,3.76000000000,10.24000000000,0.52000000000,1.98000000000,1.13000000000,0.18000000000,0.808720707893372,0.254143655300140,0.371645271778107,
858,Vadodara,Sinor,Vaniyad,22.02490000000,73.39330000000,0.14000000000,8.12000000000,0.35000000000,19.47000000000,68.40000000000,294,9.74000000000,11.96000000000,1.20000000000,1.78000000000,1.37000000000,0.14000000000,0.775624752044678,0.243093922734261,0.378735810518265,
859,Vadodara,Sinor,Vaniyad,22.02670000000,73.39050000000,0.25000000000,8.27000000000,0.59000000000,4.11000000000,52.00000000000,500,3.80000000000,7.60000000000,1.18000000000,1.68000000000,1.01000000000,0.25000000000,0.749233365058899,0.259668499231339,0.453039765357971,
860,Vadodara,Sinor,Vaniyad,22.02690000000,73.38860000000,0.21000000000,8.37000000000,0.63000000000,19.68000000000,61.60000000000,833,6.96000000000,8.28000000000,1.22000000000,0.20000000000,1.13000000000,0.21000000000,0.810762822628021,0.243093922734261,0.408360481262207,
861,Vadodara,Sinor,Vaniyad,22.02660000000,73.39740000000,0.24000000000,8.39000000000,0.54000000000,10.44000000000,41.50000000000,282,5.74000000000,7.36000000000,0.68000000000,3.02000000000,1.20000000000,0.24000000000,0.690212309360504,0.243093922734261,0.436215817928314,
862,Vadodara,Sinor,Vaniyad,22.02470000000,73.40520000000,0.19000000000,8.53000000000,0.48000000000,6.49000000000,76.00000000000,317,6.44000000000,12.98000000000,0.98000000000,2.58000000000,1.37000000000,0.19000000000,0.847412645816802,0.248618781566620,0.318379700183868,
863,Vadodara,Sinor,Ambali,21.93900000000,73.37720000000,0.18000000000,8.11000000000,0.33000000000,4.91000000000,79.50000000000,658,8.12000000000,9.18000000000,1.10000000000,1.88000000000,1.13000000000,0.18000000000,0.837552428245544,0.248618781566620,0.303360670804977,
864,Vadodara,Sinor,Ambali,21.93990000000,73.37610000000,0.16000000000,8.29000000000,0.32000000000,6.43000000000,133.90000000000,492,6.38000000000,16.54000000000,3.28000000000,2.14000000000,1.19000000000,0.16000000000,0.746401667594910,0.248618781566620,0.309051573276520,
865,Vadodara,Sinor,Ambali,21.94080000000,73.37570000000,0.21000000000,8.55000000000,0.32000000000,8.12000000000,17.10000000000,880,3.82000000000,12.30000000000,1.88000000000,1.56000000000,1.37000000000,0.21000000000,0.773973524570465,0.254143655300140,0.391042709350586,
866,Vadodara,Sinor,Ambali,21.94410000000,73.37520000000,0.30000000000,8.14000000000,0.69000000000,10.95000000000,20.20000000000,905,5.30000000000,9.58000000000,1.10000000000,0.98000000000,1.44000000000,0.30000000000,0.802301526069641,0.237569063901901,0.261506855487823,
867,Vadodara,Sinor,Ambali,21.94590000000,73.37470000000,0.29000000000,8.41000000000,0.57000000000,16.57000000000,24.40000000000,280,4.74000000000,5.22000000000,2.26000000000,2.14000000000,1.53000000000,0.29000000000,0.813400685787201,0.220994472503662,0.294891983270645,
868,Vadodara,Sinor,Ambali,21.94750000000,73.37440000000,0.14000000000,8.14000000000,0.66000000000,5.66000000000,25.40000000000,497,3.14000000000,17.64000000000,0.80000000000,1.92000000000,1.25000000000,0.14000000000,0.850689411163330,0.237569063901901,0.302957534790039,
869,Vadodara,Sinor,Diver,21.95000000000,73.27020000000,0.66000000000,8.71000000000,0.60000000000,22.49000000000,81.90000000000,538,4.18000000000,5.02000000000,0.84000000000,1.98000000000,1.15000000000,0.66000000000,0.717898011207581,0.209944754838943,0.343531221151352,
870,Vadodara,Sinor,Diver,21.95010000000,73.26990000000,0.19000000000,8.40000000000,0.42000000000,5.72000000000,71.90000000000,189,4.60000000000,7.26000000000,1.98000000000,2.20000000000,1.54000000000,0.19000000000,0.695135891437531,0.193370163440704,0.344118952751160,
871,Vadodara,Sinor,Diver,21.95270000000,73.27000000000,0.21000000000,8.39000000000,0.63000000000,6.59000000000,102.50000000000,293,4.32000000000,9.14000000000,0.58000000000,1.76000000000,1.73000000000,0.21000000000,0.755982518196105,0.209944754838943,0.370091974735260,
872,Vadodara,Sinor,Diver,21.95190000000,73.26990000000,0.16000000000,8.33000000000,0.57000000000,5.87000000000,98.20000000000,204,4.08000000000,7.50000000000,0.64000000000,2.44000000000,1.31000000000,0.16000000000,0.764851093292236,0.209944754838943,0.382105201482773,
873,Vadodara,Sinor,Diver,21.95190000000,73.26980000000,0.35000000000,8.16000000000,0.59000000000,9.10000000000,31.80000000000,517,4.30000000000,9.70000000000,0.76000000000,2.44000000000,1.84000000000,0.35000000000,0.764851093292236,0.209944754838943,0.382105201482773,
874,Vadodara,Sinor,Diver,21.95040000000,73.26970000000,0.36000000000,7.89000000000,0.36000000000,5.92000000000,31.30000000000,291,5.86000000000,4.06000000000,0.90000000000,2.10000000000,0.21000000000,0.36000000000,0.735178232192993,0.204419896006584,0.336941838264465,
875,Vadodara,Vadodara,Singhrot,22.33640000000,73.06190000000,0.20000000000,8.00000000000,0.26000000000,6.99000000000,13.80000000000,335,4.84000000000,7.48000000000,0.50000000000,1.30000000000,1.35000000000,0.20000000000,0.656115412712097,0.132596686482430,0.388006597757339,
876,Vadodara,Vadodara,Ampal,22.31300000000,73.08700000000,0.54000000000,7.64000000000,0.32000000000,17.11000000000,104.60000000000,212,13.32000000000,20.56000000000,0.68000000000,1.48000000000,0.50000000000,0.54000000000,0.740486800670624,0.226519331336021,0.355190426111221,
877,Vadodara,Vadodara,Bhayali,22.28420000000,73.11900000000,0.82000000000,7.60000000000,0.30000000000,55.27000000000,75.70000000000,295,17.26000000000,12.48000000000,1.00000000000,1.46000000000,0.72000000000,0.82000000000,0.643163442611694,0.187845304608345,0.437373936176300,
878,Vadodara,Vadodara,Samiyala,22.25890000000,73.11050000000,0.29000000000,8.50000000000,0.34000000000,5.25000000000,65.70000000000,500,7.18000000000,5.52000000000,0.92000000000,2.00000000000,0.82000000000,0.29000000000,0.759165704250336,0.204419896006584,0.397589802742004,
879,Vadodara,Vadodara,Karali,22.17560000000,73.14730000000,0.18000000000,7.88000000000,0.60000000000,3.54000000000,79.90000000000,1431,6.74000000000,4.78000000000,1.54000000000,2.44000000000,2.78000000000,0.18000000000,0.769037663936614,0.149171277880669,0.354402184486389,
880,Vadodara,Vadodara,Vadsala,22.15660000000,73.16210000000,0.19000000000,8.09000000000,0.23000000000,3.54000000000,47.80000000000,1554,8.76000000000,5.72000000000,0.42000000000,2.48000000000,0.64000000000,0.19000000000,0.724010646343231,0.171270713210106,0.487447530031204,
881,Vadodara,Vadodara,Tarasali,22.23900000000,73.20920000000,0.78000000000,7.39000000000,0.36000000000,22.29000000000,102.30000000000,530,10.78000000000,7.74000000000,3.30000000000,2.88000000000,0.54000000000,0.78000000000,0.696615993976593,0.171270713210106,0.466709345579147,
882,Vadodara,Vadodara,valdala,22.24700000000,73.24230000000,0.79000000000,7.78000000000,0.40000000000,40.19000000000,34.10000000000,311,17.12000000000,3.86000000000,1.04000000000,3.22000000000,0.47000000000,0.79000000000,0.593795120716094,0.209944754838943,0.401703476905823,
883,Vadodara,Vadodara,Ratanpur,22.26170000000,73.27100000000,0.36000000000,7.80000000000,0.48000000000,20.36000000000,20.20000000000,257,26.50000000000,7.72000000000,0.48000000000,3.72000000000,0.39000000000,0.36000000000,0.649078130722046,0.182320445775986,0.467894166707993,
884,Vadodara,Vadodara,Gokalpura,22.26920000000,73.10930000000,0.41000000000,8.22000000000,0.47000000000,11.71000000000,52.30000000000,585,25.46000000000,16.70000000000,0.84000000000,3.44000000000,0.96000000000,0.41000000000,0.711652994155884,0.204419896006584,0.383546262979507,
885,Vadodara,Vadodara,Gokalpura,22.27900000000,73.11860000000,0.08000000000,7.06000000000,0.50000000000,9.10000000000,37.70000000000,361,14.04000000000,16.88000000000,0.78000000000,1.58000000000,0.77000000000,0.08000000000,0.686143815517426,0.171270713210106,0.442450791597366,
886,Vadodara,Vadodara,Gokalpura,22.27350000000,73.11330000000,0.15000000000,7.04000000000,0.68000000000,8.28000000000,70.40000000000,322,10.88000000000,19.60000000000,1.60000000000,2.94000000000,0.71000000000,0.15000000000,0.636112570762634,0.171270713210106,0.431408047676086,
887,Vadodara,Vadodara,Gokalpura,22.27160000000,73.11180000000,0.38000000000,7.55000000000,0.32000000000,11.24000000000,75.50000000000,557,14.50000000000,9.22000000000,1.24000000000,3.48000000000,0.45000000000,0.38000000000,0.709762871265411,0.198895022273064,0.420382618904114,
888,Vadodara,Vadodara,Gokalpura,22.27460000000,73.11440000000,0.40000000000,8.15000000000,0.41000000000,4.86000000000,58.70000000000,609,7.76000000000,6.54000000000,0.74000000000,1.58000000000,1.01000000000,0.40000000000,0.588958144187927,0.176795586943626,0.358877539634705,
889,Vadodara,Vadodara,Gokalpura,22.27700000000,73.11500000000,0.35000000000,8.36000000000,0.51000000000,9.10000000000,136.90000000000,526,5.98000000000,4.22000000000,0.64000000000,1.32000000000,0.35000000000,0.35000000000,0.804139316082001,0.176795586943626,0.328875154256821,
890,Vadodara,Vadodara,Raman Gamdi,22.13190000000,73.18200000000,0.22000000000,7.86000000000,0.50000000000,11.18000000000,53.20000000000,470,5.32000000000,5.34000000000,0.66000000000,1.28000000000,0.41000000000,0.22000000000,0.704870760440826,0.171270713210106,0.552335619926453,
891,Vadodara,Vadodara,Raman Gamdi,22.13130000000,73.17300000000,0.42000000000,7.75000000000,0.27000000000,16.77000000000,54.30000000000,841,3.52000000000,9.84000000000,1.56000000000,2.36000000000,0.61000000000,0.42000000000,0.595477044582367,0.182320445775986,0.610195040702820,
892,Vadodara,Vadodara,Raman Gamdi,22.12250000000,73.17380000000,0.53000000000,8.52000000000,0.68000000000,3.72000000000,127.30000000000,450,14.68000000000,8.50000000000,0.76000000000,3.06000000000,0.71000000000,0.53000000000,0.726208269596100,0.154696136713028,0.502716064453125,
893,Vadodara,Vadodara,Raman Gamdi,22.12600000000,73.17480000000,0.31000000000,7.35000000000,0.35000000000,17.96000000000,60.40000000000,870,5.80000000000,13.52000000000,0.30000000000,2.36000000000,1.19000000000,0.31000000000,0.642424106597900,0.171270713210106,0.566173374652863,
894,Vadodara,Vadodara,Raman Gamdi,22.13350000000,73.16720000000,0.28000000000,7.47000000000,0.26000000000,7.38000000000,72.10000000000,954,9.82000000000,3.88000000000,4.30000000000,2.98000000000,0.77000000000,0.28000000000,0.640936017036437,0.171270713210106,0.474221169948578,
895,Vadodara,Vadodara,Raman Gamdi,22.13300000000,73.16880000000,0.21000000000,7.75000000000,0.56000000000,29.76000000000,58.70000000000,724,6.68000000000,42.22000000000,1.12000000000,2.90000000000,0.89000000000,0.21000000000,0.733297884464264,0.176795586943626,0.410560756921768,
896,Vadodara,Vadodara,Kotna,22.35910000000,73.06110000000,0.52000000000,8.41000000000,0.28000000000,6.80000000000,41.80000000000,359,2.28000000000,8.50000000000,0.86000000000,1.34000000000,0.25000000000,0.52000000000,0.752605617046356,0.193370163440704,0.434554666280746,
897,Vadodara,Vadodara,Kotna,22.36030000000,73.06170000000,0.60000000000,8.12000000000,0.40000000000,5.56000000000,74.00000000000,536,2.62000000000,8.04000000000,1.86000000000,1.54000000000,0.32000000000,0.60000000000,0.699935078620911,0.193370163440704,0.451294898986816,
898,Vadodara,Vadodara,Kotna,22.36020000000,73.05390000000,0.28000000000,8.56000000000,0.53000000000,5.06000000000,78.00000000000,461,2.76000000000,5.50000000000,1.08000000000,2.42000000000,0.25000000000,0.28000000000,0.673642039299011,0.149171277880669,0.455028533935547,
899,Vadodara,Vadodara,Kotna,22.36600000000,73.06650000000,0.22000000000,8.66000000000,0.37000000000,4.41000000000,112.20000000000,565,2.68000000000,7.84000000000,2.28000000000,1.94000000000,0.61000000000,0.22000000000,0.782270610332489,0.204419896006584,0.396935492753983,
900,Vadodara,Vadodara,Kotna,22.35980000000,73.05520000000,0.51000000000,8.77000000000,0.35000000000,5.56000000000,101.20000000000,363,2.88000000000,9.52000000000,2.00000000000,1.60000000000,0.15000000000,0.51000000000,0.780560553073883,0.143646404147148,0.418439269065857,
901,Vadodara,Vadodara,Kotna,22.35880000000,73.05340000000,0.25000000000,7.58000000000,0.43000000000,6.23000000000,45.00000000000,383,4.30000000000,6.28000000000,1.60000000000,1.22000000000,0.40000000000,0.25000000000,0.792307257652283,0.138121545314789,0.375191450119019,
902,Vadodara,Vadodara,Mastpur Gamdi,22.17280000000,73.27710000000,0.56000000000,7.56000000000,0.52000000000,4.41000000000,88.00000000000,441,4.88000000000,7.22000000000,1.10000000000,2.44000000000,0.20000000000,0.56000000000,0.783651590347290,0.204419896006584,0.531754791736603,
903,Vadodara,Vadodara,Mastpur Gamdi,22.17140000000,73.27690000000,0.41000000000,8.13000000000,0.64000000000,5.36000000000,52.70000000000,612,5.98000000000,2.92000000000,1.76000000000,1.62000000000,0.32000000000,0.41000000000,0.785542249679565,0.187845304608345,0.531699538230895,
904,Vadodara,Vadodara,Mastpur Gamdi,22.17150000000,73.27830000000,0.15000000000,8.01000000000,0.42000000000,3.30000000000,19.00000000000,395,3.20000000000,2.20000000000,0.70000000000,2.33000000000,0.13000000000,0.15000000000,0.731889307498932,0.193370163440704,0.490300178527832,
905,Vadodara,Vadodara,Mastpur Gamdi,22.17030000000,73.28430000000,0.33000000000,8.11000000000,0.40000000000,6.90000000000,98.70000000000,533,1.92000000000,3.84000000000,1.30000000000,2.58000000000,0.32000000000,0.33000000000,0.730818271636963,0.198895022273064,0.416758388280869,
906,Vadodara,Vadodara,Mastpur Gamdi,22.17040000000,73.28260000000,0.31000000000,8.45000000000,0.61000000000,25.42000000000,92.70000000000,649,5.02000000000,13.78000000000,2.28000000000,1.78000000000,0.40000000000,0.31000000000,0.754787743091583,0.187845304608345,0.397711575031281,
907,Vadodara,Vadodara,Mastpur Gamdi,22.17060000000,73.28100000000,0.32000000000,8.08000000000,0.29000000000,12.89000000000,31.20000000000,610,6.64000000000,11.34000000000,2.72000000000,1.74000000000,0.61000000000,0.32000000000,0.575709342956542,0.209944754838943,0.487959444522858,
908,Vadodara,Vadodara,Rabhipura,22.18800000000,73.24330000000,0.36000000000,8.38000000000,0.62000000000,7.22000000000,109.70000000000,849,3.10000000000,2.84000000000,0.58000000000,1.44000000000,0.35000000000,0.36000000000,0.649884462356567,0.187845304608345,0.486271679401398,
909,Vadodara,Vadodara,Rabhipura,22.18100000000,73.23800000000,0.81000000000,8.86000000000,0.40000000000,7.80000000000,34.40000000000,321,4.10000000000,7.34000000000,12.68000000000,1.76000000000,0.45000000000,0.81000000000,0.833713352680206,0.182320445775986,0.481213808059692,
910,Vadodara,Vadodara,Rabhipura,22.18890000000,73.24400000000,0.21000000000,8.00000000000,0.65000000000,4.07000000000,108.50000000000,645,3.46000000000,5.80000000000,0.54000000000,1.18000000000,0.25000000000,0.21000000000,0.775940954685211,0.171270713210106,0.495197772979736,
911,Vadodara,Vadodara,Rabhipura,22.18500000000,73.24370000000,0.12000000000,7.86000000000,0.36000000000,7.48000000000,36.00000000000,376,2.78000000000,6.72000000000,1.12000000000,1.60000000000,0.40000000000,0.12000000000,0.724199950695038,0.176795586943626,0.573278844356537,
912,Vadodara,Vadodara,Rabhipura,22.18300000000,73.24290000000,0.16000000000,8.36000000000,0.47000000000,6.43000000000,40.80000000000,613,6.00000000000,4.06000000000,0.84000000000,1.42000000000,0.10000000000,0.16000000000,0.746221899986267,0.182320445775986,0.502168416976929,
913,Vadodara,Vadodara,Rabhipura,22.18170000000,73.24030000000,0.24000000000,7.72000000000,0.43000000000,6.85000000000,92.70000000000,612,3.68000000000,7.30000000000,0.80000000000,3.04000000000,0.83000000000,0.24000000000,0.763562858104706,0.176795586943626,0.538464605808258,
914,Vadodara,Vadodara,Vadadala,22.24640000000,73.24030000000,0.21000000000,8.23000000000,0.23000000000,23.01000000000,116.00000000000,985,3.18000000000,3.22000000000,0.90000000000,2.34000000000,0.32000000000,0.21000000000,0.690503597259521,0.198895022273064,0.350367635488510,
915,Vadodara,Vadodara,Vadadala,22.24710000000,73.24230000000,0.76000000000,8.39000000000,0.47000000000,10.10000000000,37.60000000000,337,6.26000000000,27.84000000000,3.30000000000,2.40000000000,0.10000000000,0.76000000000,0.593795120716094,0.209944754838943,0.401703476905823,
916,Vadodara,Vadodara,Vadadala,22.24580000000,73.24170000000,0.37000000000,7.20000000000,0.20000000000,28.55000000000,22.40000000000,232,13.18000000000,4.20000000000,0.98000000000,2.12000000000,0.16000000000,0.37000000000,0.684603750705718,0.193370163440704,0.405699968338013,
917,Vadodara,Vadodara,Vadadala,22.24700000000,73.23780000000,0.59000000000,8.31000000000,0.41000000000,6.59000000000,69.40000000000,264,7.24000000000,8.78000000000,0.80000000000,1.56000000000,0.50000000000,0.59000000000,0.633123278617859,0.198895022273064,0.468273133039474,
918,Vadodara,Vadodara,Vadadala,22.24770000000,73.23440000000,0.23000000000,8.26000000000,0.47000000000,4.36000000000,63.80000000000,449,5.70000000000,5.24000000000,0.84000000000,2.10000000000,0.40000000000,0.23000000000,0.659897029399872,0.193370163440704,0.424707233905792,
919,Vadodara,Vadodara,Vadadala,22.24790000000,73.23170000000,0.26000000000,8.74000000000,0.28000000000,7.27000000000,28.60000000000,240,4.92000000000,8.96000000000,0.74000000000,2.02000000000,0.35000000000,0.26000000000,0.579692840576172,0.193370163440704,0.506274163722992,
920,Vadodara,Vadodara,Sankarda,22.43880000000,73.11660000000,0.34000000000,8.08000000000,0.38000000000,4.91000000000,78.00000000000,247,2.84000000000,3.42000000000,0.64000000000,2.52000000000,0.46000000000,0.34000000000,0.819064438343048,0.265193372964859,0.362143248319626,
921,Vadodara,Vadodara,Sankarda,22.44000000000,73.11560000000,0.19000000000,8.64000000000,0.58000000000,25.34000000000,153.80000000000,373,3.16000000000,10.60000000000,2.48000000000,1.60000000000,0.32000000000,0.19000000000,0.771813631057739,0.254143655300140,0.351258963346481,
922,Vadodara,Vadodara,Sankarda,22.43610000000,73.12680000000,0.30000000000,8.21000000000,0.56000000000,25.02000000000,98.10000000000,264,3.58000000000,5.14000000000,2.94000000000,1.22000000000,0.32000000000,0.30000000000,0.581524193286896,0.209944754838943,0.463301181793213,
923,Vadodara,Vadodara,Sankarda,22.43770000000,73.12180000000,0.22000000000,7.98000000000,0.47000000000,4.56000000000,57.10000000000,268,3.96000000000,5.44000000000,1.54000000000,1.74000000000,0.61000000000,0.22000000000,0.739473223686218,0.232044205069542,0.471700668334961,
924,Vadodara,Vadodara,Sankarda,22.44650000000,73.12420000000,0.17000000000,8.56000000000,0.25000000000,18.91000000000,31.20000000000,320,2.02000000000,9.82000000000,1.54000000000,1.36000000000,0.75000000000,0.17000000000,0.689817249774933,0.254143655300140,0.466883897781372,
925,Vadodara,Vadodara,Sankarda,22.44170000000,73.13390000000,0.41000000000,7.63000000000,0.28000000000,6.23000000000,82.70000000000,277,3.86000000000,17.14000000000,1.14000000000,3.52000000000,0.48000000000,0.41000000000,0.817611277103424,0.248618781566620,0.463318616151810,
926,Vadodara,Waghodiya,Jarod,22.43310000000,73.32350000000,0.65000000000,6.43000000000,0.45000000000,36.32000000000,115.90000000000,405,59.88000000000,48.26000000000,1.62000000000,3.08000000000,2.10000000000,0.65000000000,0.596709549427032,0.303867399692535,0.515101492404938,
927,Vadodara,Waghodiya,Rasolabad,22.38600000000,73.34940000000,0.63000000000,8.27000000000,0.40000000000,32.03000000000,71.80000000000,336,5.72000000000,7.08000000000,0.64000000000,1.16000000000,0.39000000000,0.63000000000,0.792450904846191,0.309392273426056,0.249532416462898,
928,Vadodara,Waghodiya,Aamblipura,22.37150000000,73.37270000000,0.65000000000,7.83000000000,0.37000000000,15.04000000000,15.20000000000,245,8.06000000000,6.28000000000,0.46000000000,1.50000000000,0.43000000000,0.65000000000,0.661507129669189,0.375690609216690,0.464526355266571,
929,Vadodara,Waghodiya,Rampura,22.36910000000,73.42100000000,0.22000000000,6.77000000000,0.15000000000,5.90000000000,22.80000000000,105,11.32000000000,13.96000000000,0.46000000000,1.46000000000,1.11000000000,0.22000000000,0.717203557491302,0.392265200614929,0.386466234922409,
930,Vadodara,Waghodiya,Barvadiyapura,22.35160000000,73.43170000000,0.11000000000,7.98000000000,0.13000000000,3.54000000000,18.00000000000,171,5.16000000000,3.20000000000,0.24000000000,1.12000000000,0.18000000000,0.11000000000,0.806140244007111,0.397790044546127,0.423821508884430,
931,Vadodara,Waghodiya,Malodar,22.31570000000,73.41630000000,0.08000000000,7.36000000000,0.12000000000,7.77000000000,20.20000000000,327,5.86000000000,6.44000000000,0.38000000000,1.36000000000,0.23000000000,0.08000000000,0.642997026443481,0.342541426420212,0.504834294319153,
932,Vadodara,Waghodiya,Wagodiya,22.31330000000,73.38500000000,0.20000000000,6.89000000000,0.36000000000,6.34000000000,11.70000000000,152,13.28000000000,8.92000000000,0.34000000000,2.44000000000,1.50000000000,0.20000000000,0.708214700222015,0.309392273426056,0.521590054035187,
933,Vadodara,Waghodiya,Kandha,22.32710000000,73.37030000000,0.13000000000,7.58000000000,0.32000000000,5.25000000000,27.90000000000,387,12.60000000000,6.84000000000,0.56000000000,2.14000000000,1.23000000000,0.13000000000,0.694778978824615,0.309392273426056,0.337996691465378,
934,Vadodara,Waghodiya,Raval,22.36180000000,73.34650000000,0.17000000000,7.33000000000,0.41000000000,5.79000000000,25.90000000000,251,17.28000000000,12.14000000000,0.88000000000,2.34000000000,0.29000000000,0.17000000000,0.757115244865417,0.348066300153732,0.342474460601807,
935,Vadodara,Waghodiya,Limda,22.28260000000,73.36530000000,0.13000000000,8.42000000000,0.69000000000,4.66000000000,89.70000000000,774,3.02000000000,3.42000000000,0.60000000000,1.04000000000,1.40000000000,0.13000000000,0.639340221881866,0.265193372964859,0.455861687660217,
936,Vadodara,Waghodiya,Limda,22.28270000000,73.36670000000,0.22000000000,8.08000000000,0.60000000000,22.12000000000,87.30000000000,163,3.78000000000,3.58000000000,0.88000000000,1.18000000000,1.37000000000,0.22000000000,0.722262918949127,0.276243090629578,0.300500750541687,
937,Vadodara,Waghodiya,Limda,22.28310000000,73.36920000000,0.39000000000,8.55000000000,0.45000000000,23.01000000000,35.00000000000,980,4.00000000000,7.18000000000,1.04000000000,1.24000000000,1.53000000000,0.39000000000,0.775041639804840,0.270718246698380,0.262285262346268,
938,Vadodara,Waghodiya,Limda,22.28430000000,73.36910000000,0.52000000000,8.52000000000,0.68000000000,13.07000000000,28.10000000000,550,2.06000000000,4.34000000000,1.14000000000,1.12000000000,1.71000000000,0.52000000000,0.703953027725220,0.248618781566620,0.343893527984619,
939,Vadodara,Waghodiya,Limda,22.28060000000,73.36580000000,0.38000000000,8.92000000000,0.53000000000,3.92000000000,23.30000000000,309,7.94000000000,3.16000000000,0.94000000000,2.24000000000,1.85000000000,0.38000000000,0.641843140125275,0.259668499231339,0.382214576005936,
940,Vadodara,Waghodiya,Limda,22.27950000000,73.36810000000,0.15000000000,8.75000000000,0.66000000000,7.16000000000,44.20000000000,275,4.46000000000,9.54000000000,0.20000000000,3.04000000000,1.31000000000,0.15000000000,0.664294600486755,0.265193372964859,0.449127852916718,
941,Vadodara,Waghodiya,Bakrol,22.32660000000,73.29000000000,0.16000000000,8.80000000000,0.33000000000,9.88000000000,29.10000000000,383,5.04000000000,12.82000000000,0.84000000000,2.30000000000,0.47000000000,0.16000000000,0.668986618518829,0.248618781566620,0.485804110765457,
942,Vadodara,Waghodiya,Bakrol,22.32540000000,73.28380000000,0.13000000000,7.44000000000,0.54000000000,6.43000000000,12.90000000000,251,16.10000000000,10.40000000000,0.38000000000,1.06000000000,0.42000000000,0.13000000000,0.783805727958679,0.243093922734261,0.286556303501129,
943,Vadodara,Waghodiya,Bakrol,22.32320000000,73.28380000000,0.22000000000,7.72000000000,0.39000000000,9.16000000000,118.30000000000,560,16.96000000000,5.58000000000,1.42000000000,2.26000000000,0.64000000000,0.22000000000,0.745595812797546,0.237569063901901,0.250835508108139,
944,Vadodara,Waghodiya,Bakrol,22.32820000000,73.28900000000,0.08000000000,8.36000000000,0.22000000000,5.36000000000,56.50000000000,217,4.70000000000,20.92000000000,0.54000000000,1.74000000000,0.32000000000,0.08000000000,0.731518328189850,0.237569063901901,0.570013761520386,
945,Vadodara,Waghodiya,Bakrol,22.32490000000,73.28360000000,0.10000000000,7.55000000000,0.12000000000,5.36000000000,31.30000000000,229,19.52000000000,3.94000000000,1.12000000000,1.28000000000,0.49000000000,0.10000000000,0.757915377616882,0.254143655300140,0.262760609388351,
946,Vadodara,Waghodiya,Bakrol,22.32470000000,73.28850000000,0.08000000000,7.87000000000,0.32000000000,6.95000000000,45.90000000000,291,10.48000000000,15.16000000000,0.94000000000,1.46000000000,0.34000000000,0.08000000000,0.700512826442719,0.243093922734261,0.337850600481033,
947,Vadodara,Waghodiya,Kumetha,22.36820000000,73.27430000000,0.16000000000,7.56000000000,0.27000000000,6.07000000000,27.50000000000,260,6.46000000000,11.32000000000,0.68000000000,2.82000000000,0.29000000000,0.16000000000,0.733498930931091,0.259668499231339,0.422816902399063,
948,Vadodara,Waghodiya,Kumetha,22.36770000000,73.27420000000,0.11000000000,7.54000000000,0.35000000000,6.90000000000,47.60000000000,672,4.70000000000,4.66000000000,1.72000000000,1.30000000000,0.25000000000,0.11000000000,0.710721790790558,0.276243090629578,0.411160737276077,
949,Vadodara,Waghodiya,Kumetha,22.36370000000,73.27920000000,0.20000000000,8.26000000000,0.21000000000,8.55000000000,139.30000000000,668,6.92000000000,8.92000000000,1.42000000000,1.62000000000,0.27000000000,0.20000000000,0.782967984676361,0.281767964363098,0.363201498985291,
950,Vadodara,Waghodiya,Kumetha,22.36750000000,73.27380000000,0.10000000000,7.89000000000,0.31000000000,7.48000000000,131.30000000000,630,2.20000000000,8.06000000000,0.92000000000,2.60000000000,0.24000000000,0.10000000000,0.714332044124603,0.303867399692535,0.417197167873383,
951,Vadodara,Waghodiya,Kumetha,22.36830000000,73.27400000000,0.13000000000,8.24000000000,0.27000000000,5.41000000000,110.00000000000,805,4.14000000000,4.30000000000,0.88000000000,0.86000000000,0.13000000000,0.13000000000,0.709938824176788,0.265193372964859,0.447968542575836,
952,Vadodara,Waghodiya,Kumetha,22.36770000000,73.27420000000,0.12000000000,8.18000000000,0.38000000000,5.87000000000,101.30000000000,612,7.24000000000,3.42000000000,0.86000000000,1.08000000000,0.26000000000,0.12000000000,0.710721790790558,0.276243090629578,0.411160737276077,
953,Vadodara,Waghodiya,Vyankatpura,22.41300000000,73.35340000000,0.09000000000,8.23000000000,0.30000000000,6.18000000000,56.30000000000,577,4.10000000000,9.18000000000,1.36000000000,1.10000000000,0.07000000000,0.09000000000,0.807310223579407,0.331491708755493,0.313458919525146,
954,Vadodara,Waghodiya,Vyankatpura,22.41150000000,73.35260000000,0.10000000000,7.33000000000,0.56000000000,5.77000000000,84.90000000000,344,7.86000000000,5.48000000000,0.86000000000,0.82000000000,0.14000000000,0.10000000000,0.712413132190704,0.331491708755493,0.377395302057266,
955,Vadodara,Waghodiya,Vyankatpura,22.40410000000,73.36250000000,0.08000000000,7.95000000000,0.36000000000,5.41000000000,32.90000000000,454,5.80000000000,10.00000000000,1.02000000000,0.84000000000,0.06000000000,0.08000000000,0.775296092033386,0.337016582489014,0.464565634727478,
956,Vadodara,Waghodiya,Vyankatpura,22.40520000000,73.36720000000,0.12000000000,7.84000000000,0.26000000000,5.01000000000,130.00000000000,273,8.77000000000,5.56000000000,0.84000000000,0.96000000000,0.08000000000,0.12000000000,0.777888596057892,0.353591173887253,0.397061109542847,
957,Vadodara,Waghodiya,Vyankatpura,22.40650000000,73.36830000000,0.09000000000,7.25000000000,0.36000000000,6.07000000000,41.00000000000,169,4.94000000000,8.34000000000,1.42000000000,1.04000000000,0.05000000000,0.09000000000,0.846014440059662,0.348066300153732,0.333744019269943,
958,Vadodara,Waghodiya,Vyankatpura,22.40540000000,73.36840000000,0.13000000000,7.40000000000,0.44000000000,5.72000000000,22.80000000000,189,4.36000000000,6.40000000000,0.48000000000,1.58000000000,0.14000000000,0.13000000000,0.796440303325653,0.353591173887253,0.396524608135223,
959,Vadodara,Waghodiya,Adiran,22.45160000000,73.41060000000,0.16000000000,7.47000000000,0.35000000000,5.26000000000,103.20000000000,151,3.94000000000,16.78000000000,0.74000000000,1.80000000000,0.06000000000,0.16000000000,0.714158594608307,0.419889509677887,0.457054287195206,
960,Vadodara,Waghodiya,Adiran,22.45940000000,73.42060000000,0.12000000000,6.93000000000,0.22000000000,7.48000000000,20.70000000000,237,17.84000000000,22.20000000000,0.56000000000,1.04000000000,0.11000000000,0.12000000000,0.631257057189941,0.458563536405563,0.446852892637253,
961,Vadodara,Waghodiya,Adiran,22.43920000000,73.41390000000,0.08000000000,7.03000000000,0.44000000000,5.72000000000,47.80000000000,940,9.00000000000,7.82000000000,1.20000000000,1.28000000000,0.06000000000,0.08000000000,0.734601795673370,0.425414353609085,0.379871904850006,
962,Vadodara,Waghodiya,Adiran,22.44040000000,73.41440000000,0.16000000000,7.80000000000,0.25000000000,5.26000000000,75.70000000000,239,5.60000000000,12.12000000000,1.04000000000,0.72000000000,0.07000000000,0.16000000000,0.698306143283843,0.447513818740845,0.411482751369476,
963,Vadodara,Waghodiya,Adiran,22.43830000000,73.41310000000,0.18000000000,7.03000000000,0.30000000000,6.43000000000,49.80000000000,379,11.16000000000,7.74000000000,0.76000000000,0.94000000000,0.07000000000,0.18000000000,0.634608507156372,0.425414353609085,0.382384091615677,
964,Vadodara,Waghodiya,Adiran,22.44770000000,73.41210000000,0.10000000000,7.10000000000,0.41000000000,5.56000000000,64.40000000000,169,11.80000000000,7.60000000000,0.70000000000,1.06000000000,0.09000000000,0.10000000000,0.830058693885803,0.419889509677887,0.380198180675507,
